-- phpMyAdmin SQL Dump
-- version 4.9.4
-- https://www.phpmyadmin.net/
--
-- Host: localhost:3306
-- Generation Time: Jun 04, 2020 at 08:29 AM
-- Server version: 5.7.30
-- PHP Version: 7.3.6

SET SQL_MODE = "NO_AUTO_VALUE_ON_ZERO";
SET AUTOCOMMIT = 0;
START TRANSACTION;
SET time_zone = "+00:00";


/*!40101 SET @OLD_CHARACTER_SET_CLIENT=@@CHARACTER_SET_CLIENT */;
/*!40101 SET @OLD_CHARACTER_SET_RESULTS=@@CHARACTER_SET_RESULTS */;
/*!40101 SET @OLD_COLLATION_CONNECTION=@@COLLATION_CONNECTION */;
/*!40101 SET NAMES utf8mb4 */;

--
-- Database: `chawtech_haitian`
--

-- --------------------------------------------------------

--
-- Table structure for table `articles`
--

CREATE TABLE `articles` (
  `id_article` int(11) NOT NULL,
  `title` varchar(200) CHARACTER SET latin1 NOT NULL,
  `content` text CHARACTER SET latin1 NOT NULL,
  `image_path` varchar(150) DEFAULT NULL,
  `date` date DEFAULT NULL,
  `statut` int(11) NOT NULL,
  `user_id` int(11) NOT NULL
) ENGINE=InnoDB DEFAULT CHARSET=utf8;

--
-- Dumping data for table `articles`
--

INSERT INTO `articles` (`id_article`, `title`, `content`, `image_path`, `date`, `statut`, `user_id`) VALUES
(10, 'HAITI BROADCASTING – 954 372 5249', '<p>&nbsp;</p>\r\n\r\n<p>&nbsp;</p>\r\n\r\n<p>&nbsp;</p>\r\n\r\n<p>&nbsp;</p>\r\n\r\n<p>&nbsp;d fhcdcjhdbcjdcd</p>\r\n\r\n<p>smcjbvhjvbjvds</p>\r\n\r\n<p>desdjeskfhv</p>\r\n', '08-13-49089Haiti-Broadcasting-TV.png', '2019-08-13', 1, 18),
(18, 'Zatrap, l’architecte d’un rap créole déodorant', '<p>&nbsp;</p>\r\n\r\n<p>&nbsp;</p>\r\n\r\n<p>&nbsp;</p>\r\n\r\n<p>&nbsp;</p>\r\n\r\n<p>&nbsp;d fhcdcjhdbcjdcd</p>\r\n\r\n<p>smcjbvhjvbjvds</p>\r\n\r\n<p>desdjeskfhv</p>\r\n', '08-22-3934zatrap_2.jpg', '2019-08-22', 1, 39),
(19, 'Le Christ haïtien du tambour, c’est Dely qu’il s’agit ', '<p>&nbsp;</p>\r\n\r\n<p>&nbsp;</p>\r\n\r\n<p>&nbsp;</p>\r\n\r\n<p>&nbsp;</p>\r\n\r\n<p>&nbsp;d fhcdcjhdbcjdcd</p>\r\n\r\n<p>smcjbvhjvbjvds</p>\r\n\r\n<p>desdjeskfhv</p>\r\n', '08-22-87427godson.jpeg', '2019-08-22', 1, 39),
(22, 'Aux ombrages de mes pas', '<p>&nbsp;</p>\r\n\r\n<p>&nbsp;</p>\r\n\r\n<p>&nbsp;</p>\r\n\r\n<p>&nbsp;</p>\r\n\r\n<p>&nbsp;d fhcdcjhdbcjdcd</p>\r\n\r\n<p>smcjbvhjvbjvds</p>\r\n\r\n<p>desdjeskfhv</p>\r\n', '08-22-69603barbancourt.jpg', '2019-08-22', 1, 39),
(28, 'Brain Strom', '<p>&nbsp;</p>\r\n\r\n<p>&nbsp;</p>\r\n\r\n<p>&nbsp;</p>\r\n\r\n<p>&nbsp;</p>\r\n\r\n<p>&nbsp;d fhcdcjhdbcjdcd</p>\r\n\r\n<p>smcjbvhjvbjvds</p>\r\n\r\n<p>desdjeskfhv</p>\r\n', '05-01-7433Screenshot from 2020-04-06 16-18-16.png', '2020-05-04', 1, 62),
(32, 'North Korea defector ‘99 percent’ sure Kim Jong Un is dead', '<p>&nbsp;</p>\r\n\r\n<p>&nbsp;</p>\r\n\r\n<p>&nbsp;</p>\r\n\r\n<p>&nbsp;</p>\r\n\r\n<p>&nbsp;d fhcdcjhdbcjdcd</p>\r\n\r\n<p>smcjbvhjvbjvds</p>\r\n\r\n<p>desdjeskfhv</p>\r\n', '05-01-65344Screen Shot 2020-05-01 at 3.12.05 PM.png', '2020-05-01', 1, 39),
(34, 'Sales Head', '<p>&nbsp;</p>\r\n\r\n<p>&nbsp;</p>\r\n\r\n<p>&nbsp;</p>\r\n\r\n<p>&nbsp;</p>\r\n\r\n<p>&nbsp;d fhcdcjhdbcjdcd</p>\r\n\r\n<p>smcjbvhjvbjvds</p>\r\n\r\n<p>desdjeskfhv</p>\r\n', '05-04-62428Download.jpg', '2020-05-04', 1, 62),
(35, 'Sales Head', '<p>&nbsp;</p>\r\n\r\n<p>&nbsp;</p>\r\n\r\n<p>&nbsp;</p>\r\n\r\n<p>&nbsp;</p>\r\n\r\n<p>&nbsp;d fhcdcjhdbcjdcd</p>\r\n\r\n<p>smcjbvhjvbjvds</p>\r\n\r\n<p>desdjeskfhv</p>\r\n', '05-04-83743Download.jpg', '2020-05-04', 1, 62),
(36, 'Brain Strom vomm', '<p>&nbsp;</p>\r\n\r\n<p>&nbsp;</p>\r\n\r\n<p>&nbsp;</p>\r\n\r\n<p>&nbsp;</p>\r\n\r\n<p>&nbsp;d fhcdcjhdbcjdcd</p>\r\n\r\n<p>smcjbvhjvbjvds</p>\r\n\r\n<p>desdjeskfhv</p>\r\n', '05-05-52493Screenshot from 2020-04-06 16-18-16.png', '2020-05-05', 1, 62),
(37, 'Coronavirus: le nombre de nouveaux décès aux Etats-Unis au plus bas depuis un mois', '<p>&nbsp;</p>\r\n\r\n<p>&nbsp;</p>\r\n\r\n<p>&nbsp;</p>\r\n\r\n<p>&nbsp;</p>\r\n\r\n<p>&nbsp;d fhcdcjhdbcjdcd</p>\r\n\r\n<p>smcjbvhjvbjvds</p>\r\n\r\n<p>desdjeskfhv</p>\r\n', '05-05-12149B9723380698Z.1_20200505061936_000+G2OFVD5HM.2-0.jpg', '2020-05-05', 1, 39);

-- --------------------------------------------------------

--
-- Table structure for table `comments`
--

CREATE TABLE `comments` (
  `id_comment` int(11) NOT NULL,
  `content` text CHARACTER SET latin1 NOT NULL,
  `creation_date` datetime DEFAULT CURRENT_TIMESTAMP,
  `id_user_pro` int(11) NOT NULL,
  `id_user_connect` int(11) NOT NULL,
  `statut` int(11) NOT NULL
) ENGINE=InnoDB DEFAULT CHARSET=utf8;

--
-- Dumping data for table `comments`
--

INSERT INTO `comments` (`id_comment`, `content`, `creation_date`, `id_user_pro`, `id_user_connect`, `statut`) VALUES
(26, 'Hi', '2020-05-06 10:46:29', 39, 62, 1),
(27, 'Hi', '2020-05-06 10:46:49', 62, 62, 1);

-- --------------------------------------------------------

--
-- Table structure for table `commune`
--

CREATE TABLE `commune` (
  `id_com` int(11) NOT NULL,
  `nom_com` varchar(150) NOT NULL,
  `id_dept` int(11) NOT NULL
) ENGINE=InnoDB DEFAULT CHARSET=latin1;

--
-- Dumping data for table `commune`
--

INSERT INTO `commune` (`id_com`, `nom_com`, `id_dept`) VALUES
(2, 'Port-au-Prince', 1),
(3, 'Delmas', 1),
(4, 'Petion Ville', 1),
(5, 'Tabarre', 1),
(6, 'Croix des Bouquets', 1),
(7, 'En Plaine', 1),
(8, 'Carrefour', 1),
(9, 'Cap Haitien', 2),
(10, 'Port-de-Paix', 4),
(11, 'Aux Cayes', 5),
(12, 'Jacmel', 6),
(13, 'Gonaives', 8),
(14, 'Hinche', 9),
(15, 'Jeremie', 7),
(16, 'Miragoane', 10),
(17, 'Fort-liberte', 3);

-- --------------------------------------------------------

--
-- Table structure for table `departement`
--

CREATE TABLE `departement` (
  `id_dept` int(11) NOT NULL,
  `nom_dept` varchar(100) NOT NULL
) ENGINE=InnoDB DEFAULT CHARSET=latin1;

--
-- Dumping data for table `departement`
--

INSERT INTO `departement` (`id_dept`, `nom_dept`) VALUES
(1, 'Ouest'),
(2, 'Nord'),
(3, 'Nord\'Est'),
(4, 'Nord\'Ouest'),
(5, 'Sud'),
(6, 'Sud\'Est'),
(7, 'Grand\'Anse'),
(8, 'Artibonites'),
(9, 'Centre'),
(10, 'Nippes');

-- --------------------------------------------------------

--
-- Table structure for table `lien_sociaux`
--

CREATE TABLE `lien_sociaux` (
  `id` int(11) NOT NULL,
  `link` varchar(100) NOT NULL,
  `type` varchar(20) NOT NULL,
  `id_user_pro` int(11) NOT NULL
) ENGINE=InnoDB DEFAULT CHARSET=utf8;

--
-- Dumping data for table `lien_sociaux`
--

INSERT INTO `lien_sociaux` (`id`, `link`, `type`, `id_user_pro`) VALUES
(1, 'keepsenleo', 'Facebook', 1),
(4, '@keepsenleo201', 'Twitter', 1),
(6, 'ingenieurkeepsen', 'Instagram', 1),
(10, 'https://www.facebook.com/blancjeff/', 'Facebook', 18),
(11, 'https://www.twitter.com/blancjeff/', 'Twitter', 18),
(12, 'https://www.instagram.com/blancjeff/', 'Instagram', 18),
(13, 'https://www.linkedin.com/in/blancjeff/', 'LinkedIn', 18),
(22, 'jvcasseus', 'Facebook', 39),
(23, 'JVCasseus', 'Twitter', 39),
(24, 'jvcasseus', 'Instagram', 39),
(25, 'keepsenleo', 'Facebook', 1),
(26, 'keepsenleo', 'Facebook', 1),
(27, 'https://www.facebook.com/chawtechsolutions', 'Facebook', 62),
(28, 'https://www.facebook.com/chawtechsolutions', 'Twitter', 62);

-- --------------------------------------------------------

--
-- Table structure for table `like_mention`
--

CREATE TABLE `like_mention` (
  `id_user_pro` int(11) NOT NULL,
  `id_user_connect` int(11) NOT NULL,
  `liked` int(11) NOT NULL
) ENGINE=InnoDB DEFAULT CHARSET=utf8;

--
-- Dumping data for table `like_mention`
--

INSERT INTO `like_mention` (`id_user_pro`, `id_user_connect`, `liked`) VALUES
(1, 1, 1),
(1, 9, 1),
(18, 1, 1),
(18, 8, 1),
(18, 18, 1),
(33, 34, 1),
(36, 35, 1),
(39, 39, 1),
(39, 62, 1),
(40, 39, 1),
(41, 1, 1),
(62, 62, 1);

-- --------------------------------------------------------

--
-- Table structure for table `metiers`
--

CREATE TABLE `metiers` (
  `id_metier` int(11) NOT NULL,
  `nom_metier` varchar(150) CHARACTER SET latin1 NOT NULL,
  `description` text CHARACTER SET latin1,
  `image` varchar(256) NOT NULL DEFAULT 'imagenotfound.png',
  `date_creation` date DEFAULT NULL,
  `statut` int(11) NOT NULL,
  `id_secteur` int(11) NOT NULL
) ENGINE=InnoDB DEFAULT CHARSET=utf8;

--
-- Dumping data for table `metiers`
--

INSERT INTO `metiers` (`id_metier`, `nom_metier`, `description`, `image`, `date_creation`, `statut`, `id_secteur`) VALUES
(11, 'Astronaute ', 'Un astronaute est un scientifique qui voyage dans l\'espace. On les appelle aussi cosmonautes ou spationautes.', '05-01-781102_Edwin-F-Buzz-Aldrin-Jr.jpg', '2020-05-01', 1, 4),
(12, 'Contrôleur aérien', 'Le contrôleur aérien ou la contrôleuse aérienne (également appelé aiguilleur·se du ciel) guide les avions, contrôle et assure la sécurité de l\'espace aérien.', '05-01-91475Screen Shot 2020-05-01 at 2.31.56 PM.png', '2020-05-01', 1, 4),
(13, 'Convoyeur de l\'air', 'Éléments d\'équipage aéronautique militaire au sein des escadrons de transport de la brigade aérienne d\'appui', '05-01-83474Screen Shot 2020-05-01 at 2.41.36 PM.png', '2020-05-01', 1, 4),
(14, 'Hôtesse de l\'air ou steward', 'Hôtesse de l\'air ou steward accueillent les passagers à bord de l\'avion avant de s\'assurer de la sécurité et du bon déroulement du vol.', '05-01-36525Asky-hôtesses-stewards-300x178.jpg', '2020-05-01', 1, 4),
(15, 'Ingénieur en aéronautique', 'L\'ingénieur en aéronautique conçoit, teste, fabrique, entretient et commercialise des avions et des hélicoptères (civils ou militaires), mais aussi des lanceurs spatiaux, des satellites et des missiles.', '05-01-50481best-engineering-universities-in-south-africa.jpg', '2020-05-01', 1, 4),
(16, 'Mécanicien d\'aéronefs', 'Le mécanicien d\'aéronefs ou mécanicien de maintenance aéronautique entretient, répare, révise et modifie les types d\'avions ou d\'hélicoptères inscrits sur sa licence, conformément à la législation en vigueur dans le domaine aéronautique.', '05-01-4962Screen Shot 2020-05-01 at 2.57.31 PM.png', '2020-05-01', 1, 4),
(17, 'Navigateur aérien', ' Personne qui aide le pilote d\'un avion dans l\'exécution de diverses tâches et qui est notamment responsable de la navigation.', '05-01-495752017_MTLN_034_A_001_001 - aero naval_0.jpg', '2020-05-01', 1, 4),
(18, 'Aviateur ou Pilote d\'avion', 'Un aviateur, ou pilote d\'avion, est celui qui prépare les dossiers techniques du vol,  pilote l\'avion, s\'assure que tout se passe bien au décollage, durant le vol, et à l\'atterrissage. Souvent, il est assisté d\'un co-pilote.', '05-01-45134casque-d-aviateur-vintage-21x21x21cm_01.jpg', '2020-05-01', 1, 4),
(19, 'Pilote de chasse', 'Un pilote de chasse est un militaire qui pilote un avion de chasse. Il peut tirer des missiles sur les ennemies dans des conflits armés.', '05-01-944175b50feeaf12e534f631b7baa8ff20691a5d63c23adbc2f976d6ccf5fce51796f.jpg', '2020-05-01', 1, 4),
(20, 'Pilote d\'hélicoptère', 'Le pilote d\'hélicoptère, militaire ou civil, participe à des missions de combat ou de secours. Il est capable de se poser n\'importe où et d\'évoluer en montagne.', '05-01-48404survol-du-village-de-loire-par-un-helicoptere-de-la-gendarme_4699189.jpg', '2020-05-01', 1, 4),
(21, 'Barman ', 'Un barman est une personne qui travaille dans un bar et qui sert les boissons alcoolisées ou non', 'imagenotfound.png', '2019-07-09', 1, 5),
(22, 'Boucher', 'Un boucher est la personne qui tue les animaux destinés à la consommation.', 'imagenotfound.png', '2019-07-09', 1, 5),
(23, 'Boulanger-pâtissier ', 'Celui qui fabrique des pains, des gâteaux, des pâtisseries etc. ', 'imagenotfound.png', '2019-07-09', 1, 5),
(24, 'Charcutier ', 'Personne qui prépare et qui vend de la viande de porc, des boudins, des saucisses, etc. ', 'imagenotfound.png', '2019-07-09', 1, 5),
(25, 'Chocolatier ', 'Le chocolatier est un artisan spécialisé dans la fabrication d\'aliments à base de chocolat.', 'imagenotfound.png', '2019-07-09', 1, 5),
(26, 'Confiseur ', 'Son travaille et de faire des bonbons , la gelatine , la pâte des bonbons ect...', 'imagenotfound.png', '2019-07-09', 1, 5),
(27, 'Crêpier ', 'Le crêpier est en charge de la réalisation des plats de la carte d\'une crêperie', 'imagenotfound.png', '2019-07-09', 1, 5),
(28, 'Cuisinier ', 'Un cuisinier planifie et prépare les repas dans un restaurant, un hôtel, un hôpital, une école, une résidence...', 'imagenotfound.png', '2019-07-09', 1, 5),
(29, 'Diététicien ', 'un professionnel de santé diplômé, expert en nutrition et alimentation', 'imagenotfound.png', '2019-07-09', 1, 5),
(30, 'Écailler ', 'l\'écailler est en charge de la préparation des produits de la mer', 'imagenotfound.png', '2019-07-09', 1, 5),
(31, 'Fromager ', 'une personne qui maîtrise la transformation d\'un lait en fromage', 'imagenotfound.png', '2019-07-09', 1, 5),
(32, 'Glacier', 'transforme des denrées alimentaires en glaces qu\'il commercialise (crèmes glacées, sorbets, glace à l\'eau et entremets glacés). ', 'imagenotfound.png', '2019-07-09', 1, 5),
(33, 'Limonadier', 'Personne qui fabrique des boissons gazéifiées', 'imagenotfound.png', '2019-07-09', 1, 5),
(34, 'Pizzaïolo ', 'Un pizzaïolo ou pizzaiole est un chef cuisinier ou artiste qui prépare les pizzas', 'imagenotfound.png', '2019-07-09', 1, 5),
(35, ' Plongeur (en restauration)', 'Le plongeur est un employé des services de restaurant ou collectivité dont la fonction est de laver la vaisselle et autres ustensiles afin d\'aider le personnel à maintenir la cuisine propre.', 'imagenotfound.png', '2019-07-09', 1, 5),
(36, 'Poissonnier', 'Personne qui fait le commerce de détail du poisson et des produits animaux de la mer.', 'imagenotfound.png', '2019-07-09', 1, 5),
(37, 'Primeur', 'Le primeur est un commerçant qui vend de fruits et de légumes frais', 'imagenotfound.png', '2019-07-09', 1, 5),
(38, 'Restaurateur ', 'une personne qui ouvre et gère des restaurants de manière professionnelle.', 'imagenotfound.png', '2019-07-09', 1, 5),
(39, 'Rôtisseur ', 'personne dans une cuisine qui fait cuire à feu vif une viande, une volaille, etc.', 'imagenotfound.png', '2019-07-09', 1, 5),
(40, 'Saucier ', 'Membre d\'une brigade de cuisine, qui confectionne les fonds et les sauces.', 'imagenotfound.png', '2019-07-09', 1, 5),
(41, 'Serveur (en restauration) ', 'Il conseille les clients, sert les plats et les boissons puis débarrasse les tables. ', 'imagenotfound.png', '2019-07-09', 1, 5),
(42, 'Sommelier', 'Dans un restaurant, le sommelier est celui qui s\'occupe du vin. ', 'imagenotfound.png', '2019-07-09', 1, 5),
(43, 'Testeur culinaire ', 'Gouteur ou testeur culinaire est un professionnel de la restauration qui critique les produits avant leurs commercialisations ', 'imagenotfound.png', '2019-07-09', 1, 5),
(44, 'Traiteur ', 'Traiteur ', 'imagenotfound.png', '2019-07-09', 1, 5),
(46, 'Apiculteur', 'Un apiculteur est une personne dont le métier consiste donc à élever des abeilles pour en récolter le miel ainsi que d\'autres produits de la ruche (cire, gelée royale, pollen, propolis, couvain).', 'imagenotfound.png', '2019-07-10', 1, 6),
(47, 'Aquaculteur ', 'Personne qui pratique la production d\'organismes aquatiques en eau douce, saumâtre ou marine et dans des conditions contrôlées ou semi-contrôlées par l\'homme', 'imagenotfound.png', '2019-07-10', 1, 6),
(48, 'Berger', 'Le berger (ou la bergère au féminin) est la personne qui s\'occupe d\'un troupeau de moutons, en prairie ou en montagne. ', 'imagenotfound.png', '2019-07-10', 1, 6),
(49, 'Chasseur', 'Le chasse traque des animaux sauvages dans le but de les capturer ou les tuer.', 'imagenotfound.png', '2019-07-10', 1, 6),
(50, 'Conchyliculteur ', 'Personne qui produit des coquillages (huîtres, moules, palourdes, ormeaux, coquilles Saint-Jacques, etc.).', 'imagenotfound.png', '2019-07-10', 1, 6),
(51, 'Cultivateur', 'Personne qui cultive la terre', 'imagenotfound.png', '2019-07-10', 1, 6),
(52, ' Arboriculteur / Arboricultrice', 'L’arboriculteur / arborocultrice est un spécialiste de l\'entretien des arbres fruitiers, d\'ornement et forestiers.', 'imagenotfound.png', '2019-07-10', 1, 6),
(53, 'Caviste', 'Le caviste est chargé de la fabrication des vins. Cette fabrication se déroule en plusieurs étapes : la vinification (transformation du jus de raisin en vin), l’assemblage, la conservation et la mise en bouteilles des vins. ', 'imagenotfound.png', '2019-07-10', 1, 6),
(54, 'Conducteur d\'engins d\'exploitation agricole', 'Le conducteur ou la conductrice d’engins est un professionnel des gros travaux d’aménagement et de production agricole', 'imagenotfound.png', '2019-07-10', 1, 6),
(55, 'Débardeur', 'Le travail du débardeur ou conducteur ou de la conductrice d’engins forestiers consiste surtout à transporter les bois jusqu’à une route forestière où des transporteurs les acheminent vers une scierie...', 'imagenotfound.png', '2019-07-10', 1, 6),
(56, 'Horticulteur', 'Personne qui s\'occupe de la la culture des légumes, des fleurs, des arbres et des arbustes fruitiers et d\'ornement. ', 'imagenotfound.png', '2019-07-10', 1, 6),
(57, 'Ingénieur agronome', 'Un ingénieur agronome est une peersonne qui met en œuvre les sciences et techniques de l\'agronomie. ', 'imagenotfound.png', '2019-07-10', 1, 6),
(58, 'Ingénieur forestier ', 'L’ingénieur forestier fait partie des spécialistes des écosystèmes forestiers. Il prévoit les travaux visant à atteindre un aménagement durable des ressources forestières et du territoire. ', 'imagenotfound.png', '2019-07-10', 1, 6),
(59, 'Jardinier ', 'Dans le secteur public ou privé, le jardinier crée, aménage et entretient parcs, jardins et terrains de sport.', 'imagenotfound.png', '2019-07-10', 1, 6),
(60, 'Mytiliculteur', 'Le mytiliculteur est chargé de la croissance de ses moules, et se charge le moment venu de la récolte en fonction du calibre. Il s’agit d’un métier de la mer, et qui demande un grand investissement personnel. ', 'imagenotfound.png', '2019-07-10', 1, 6),
(61, ' Pêcheur', 'Le marin pêcheur participe aux travaux touchant le bateau et le poisson ainsi qu\'aux activités de pêche.', 'imagenotfound.png', '2019-07-22', 1, 6),
(62, 'Ostréiculteur', 'Il assure la reproduction de ses huitres, leur croissance, et leur récolte en fonction du calibre visé.', 'imagenotfound.png', '2019-07-10', 1, 6),
(63, 'Oenologue', 'L\'oenologue, grâce à ses connaissances scientifiques, juridiques et techniques, accompagne et supervise l’élaboration des vins et des produits dérivés du raisin. Sa principale activité concerne la vinification.', 'imagenotfound.png', '2019-07-10', 1, 6),
(64, 'Pépiniériste', 'Le pépiniériste produit et élève des végétaux d\'extérieur, surtout des arbres et arbustes (fruitiers, forestiers, d\'ornement).', 'imagenotfound.png', '2019-07-10', 1, 6),
(65, 'Pisciculteur', 'Le pisciculteur / la piscicultrice est spécialisé(e) dans l\'élevage intensif de poissons d\'eau de mer ou d\'eau douce. ', 'imagenotfound.png', '2019-07-10', 1, 6),
(66, 'Sylviculteur ', 'Celui qui entretient ou cultive la forêt. ', 'imagenotfound.png', '2019-07-10', 1, 6),
(67, 'Viticulteur ou Vigneron ', 'Le viticulteur / la viticultrice cultive la vigne pour produire du vin.', 'imagenotfound.png', '2019-07-10', 1, 6),
(69, 'Archetier ', 'Ouvrier ou artisan qui fabrique des archets pour instruments de musique. ', 'imagenotfound.png', '2019-07-10', 1, 7),
(70, 'Armurier ', 'Un armurier est un professionnel qui conçoit, fabrique, modifie, répare ou vend, à l\'origine des armes défensives et offensives.', 'imagenotfound.png', '2019-07-10', 1, 7),
(71, 'Bijoutier ou Joaillier ', 'Le bijoutier (ou joaillier) est la personne dont le métier est de fabriquer des bijoux et de les vendre. ', 'imagenotfound.png', '2019-07-10', 1, 7),
(72, 'Brodeur', 'un brodeur est un artisan qui pratique la décoration des tissus', 'imagenotfound.png', '2019-07-10', 1, 7),
(73, 'Céramiste', 'Le métier de céramiste consiste à travailler la céramique.', 'imagenotfound.png', '2019-07-10', 1, 7),
(74, 'Chapelier ', 'Personne qui fabrique ou vend des chapeaux.', 'imagenotfound.png', '2019-07-10', 1, 7),
(75, 'Chaudronnier ', 'Chaudronnier est un métier désignant à l\'origine celui qui réalise des chaudrons, puis par extension les personnes qui réalisent des enveloppes de corps creux, en métal, et/ou en matière plastique, de toutes natures, de toutes tailles et toutes destinations. ', 'imagenotfound.png', '2019-07-10', 1, 7),
(76, 'Ciseleur ', 'un ciseleur est un artisan qui travailler décore un objet de métal à l\'aide d\'un ciselet, d\'un burin, etc.', 'imagenotfound.png', '2019-07-10', 1, 7),
(77, 'Coiffeur ', 'Le coiffeur doit exécuter la Coiffure, la coupe, la mise en plis, la coloration etc, selon les désirs de son client. ', 'imagenotfound.png', '2019-07-10', 1, 7),
(78, 'Cordonnier ', 'Un cordonnier est une personne qui fabrique ou répare des chaussures. ', 'imagenotfound.png', '2019-07-10', 1, 7),
(79, 'Corsetier', 'Le corsetier est un couturier spécialisé dans la fabrique des corsets. ', 'imagenotfound.png', '2019-07-10', 1, 7),
(81, 'Coutelier', 'Personne qui fabrique ou vend des couteaux et autres instruments tranchants.', 'imagenotfound.png', '2019-07-10', 1, 7),
(82, 'Couturier ', 'Un couturier, ou couturière, est un métier où la personne fait de la couture. Elle fabrique des habits.', 'imagenotfound.png', '2019-07-10', 1, 7),
(84, 'Dentellier ', 'un dentelier ou dentelière est un artisan qui fabriquent la dentelle. ', 'imagenotfound.png', '2019-07-10', 1, 7),
(85, 'Ebéniste', 'L\'ébéniste est un artisan qui frabrique des meubles ou des instruments de musique. ', 'imagenotfound.png', '2019-07-10', 1, 7),
(86, 'Enlumineur ', 'Artiste qui orne un manuscrit, un livre d\'images et de décors peints.', 'imagenotfound.png', '2019-07-10', 1, 7),
(87, 'Esthéticienne', 'L\'esthéticien ou l\'esthéticienne est un professionnel qui a une parfaite connaissance de la peau, des cosmétiques, des techniques de soins, de modelages esthétiques, manucure, maquillages et des épilations. ', 'imagenotfound.png', '2019-07-10', 1, 7),
(88, 'Évantailliste', ' Personne qui exerce le métier qui consiste à fabriquer des éventails. ', 'imagenotfound.png', '2019-07-10', 1, 7),
(90, 'Ferronnier ', 'Le ferronnier est un professionnel du bâtiment, artisan ou ouvrier, qui réalise des éléments architecturaux en fer forgé, appelés ferronneries : mobilier, grilles, garde-corps, rampes d\'escalier, charnières et serrures de portes… ', 'imagenotfound.png', '2019-07-10', 1, 7),
(91, 'Forgeron ', 'Le forgeron est un ouvrier ou artisan professionnel qui forge à la main et assemble des pièces de métal pour réaliser des objets usuels ou entrant dans la composition d\'un bâtiment. ', 'imagenotfound.png', '2019-07-10', 1, 7),
(92, 'Gantier ', 'Personne qui fait ou qui vend des gants.', 'imagenotfound.png', '2019-07-10', 1, 7),
(93, 'Horloger ', 'Un horloger est un artisan qui fabrique, vend ou répare des objets issus de l\'horlogerie (montres, pendules, horloges, etc.). ', 'imagenotfound.png', '2019-07-10', 1, 7),
(94, 'Lapidaire', 'Professionnel qui taille et polit les pierres précieuses et fines.', 'imagenotfound.png', '2019-07-10', 1, 7),
(95, 'Laqueur ', 'Personne qui applique des laques d\'Extrême-Orient ou des vernis pour décorer des objets.', 'imagenotfound.png', '2019-07-10', 1, 7),
(96, 'Luthier ', 'Artisan fabriquant des instruments de musique à cordes pincées ou frottées et munis d\'un manche.', 'imagenotfound.png', '2019-07-10', 1, 7),
(97, 'Maçon', 'un professionnel qui manipule  des composés de pierres, briques, moellons...', 'imagenotfound.png', '2019-07-10', 1, 9),
(99, 'Maroquinier ', 'Personne qui travaille dans la fabrication de petits objets en cuir', 'imagenotfound.png', '2019-07-11', 1, 7),
(100, 'Marqueteur', 'Personne qui fait des décors réalisés avec des placages de bois et de diverses autres matières découpés suivant un dessin et collés sur un support (meuble, boiserie, ou tableau), notamment en ébénisterie. ', 'imagenotfound.png', '2019-07-11', 1, 7),
(101, 'Menuisier ', 'Le menuisier est un artisan qui travaille traditionnellement le bois. Il réalise les portes, les fenêtres, les parquets et boiseries dans le bâtiment, les meubles et les sièges. ', 'imagenotfound.png', '2019-07-11', 1, 7),
(102, 'Modéliste', 'Un modéliste est chargé de créer le patronnage d\'un vêtement (les formes des différentes pièces du vêtement) de façon à matérialiser un croquis de style ou un dessin technique, généralement fait par le styliste. ', 'imagenotfound.png', '2019-07-11', 1, 7),
(103, 'Modiste', 'Le modiste est un créateur de chapeaux, lesquels sont souvent vendus en tant que pièces uniques. ', 'imagenotfound.png', '2019-07-11', 1, 7),
(104, 'Orfèvre', 'L\'orfèvre est un artisan et marchand qui fabrique et vend des objets d\'orfèvrerie, ouvrages d’or et d’argent, de platine ou de tout métal précieux.', 'imagenotfound.png', '2019-07-11', 1, 7),
(105, 'Perruquier ', 'Son métier consiste à travailler des cheveux, naturels ou artificiels, pour créer des perruques de toutes sortes.', 'imagenotfound.png', '2019-07-11', 1, 7),
(106, 'Posticheur', 'Il fabrique des fausses barbes, des fausses moustaches, etc. ', 'imagenotfound.png', '2019-07-11', 1, 7),
(107, 'Plumassier', 'Il prépare de plumes d’oiseaux pour la confection d’objets ou d’ornements souvent vestimentaires. ', 'imagenotfound.png', '2019-07-11', 1, 7),
(108, 'Potier ', 'Un potier est quelqu\'un qui fait de la poterie, dans le but de la vendre par la suite. Le vase est un exemple de poterie', 'imagenotfound.png', '2019-07-11', 1, 7),
(109, 'Relieur', 'L\'artisan relieur est un professionnel du livre qui crée des reliures de manière artisanale en appliquant les techniques traditionnelles (débrocher, préparer et coudre les cahiers) ou plus modernes (encoller, emboîter la couverture). ', 'imagenotfound.png', '2019-07-11', 1, 7),
(110, 'Restaurateur d\'art', 'Praticien qui restaure des œuvres d\'art, des objets, etc.', 'imagenotfound.png', '2019-07-11', 1, 7),
(111, 'Sculpteur ', 'Artisan qui Taille la pierre, le bois, etc., avec divers outils, en vue de dégager des formes, des volumes d\'un effet artistique', 'imagenotfound.png', '2019-07-11', 1, 7),
(112, 'Sellier', 'Personne qui fabrique, répare ou vend des objets d\'équipement et de harnachement pour les chevaux.', 'imagenotfound.png', '2019-07-11', 1, 7),
(113, 'Serrurier', 'Personne qui fait, vend, pose, répare les serrures.', 'imagenotfound.png', '2019-07-11', 1, 7),
(114, 'Sertisseur', 'Personne qualifiée dans le sertissage  en mécanique, en microtechnique et connectique, mais aussi en joaillerie, en emballage et en plomberie', 'imagenotfound.png', '2019-07-11', 1, 7),
(115, 'Tailleur ', 'Artisan qui fait des vêtements sur mesure.', 'imagenotfound.png', '2019-07-22', 1, 7),
(116, 'Tanneur', 'Personne qui  transforme les peaux en cuir', 'imagenotfound.png', '2019-07-11', 1, 7),
(117, 'Taxidermiste', 'Personne qui empaille les animaux morts pour les rendre propres à être conservés avec l\'apparence de la vie.', 'imagenotfound.png', '2019-07-11', 1, 7),
(118, 'Teinturier', 'Professionnel dont le métier est de teindre, de nettoyer, d\'apprêter les étoffes.', 'imagenotfound.png', '2019-07-11', 1, 7),
(119, 'Tisserand', 'Créateur d\'œuvres textiles tissées, qui en assure lui-même le tissage.', 'imagenotfound.png', '2019-07-11', 1, 7),
(120, 'Tonnelier', 'Personne qui fabrique ou répare des tonneaux, des futailles.', 'imagenotfound.png', '2019-07-11', 1, 7),
(121, 'Vannier', 'Ouvrier fabricant des objets tressés à l\'aide de tiges fines et flexibles, dont les principales sont celles d\'osier et de rotin.', 'imagenotfound.png', '2019-07-11', 1, 7),
(122, 'Verrier', 'Artisan qui fait du verre, des ouvrages de verre et, en particulier, des vitraux.', 'imagenotfound.png', '2019-07-11', 1, 7),
(123, 'Vitrailliste', 'Le vitrailliste exerce un métier d\'art, de la famille des métiers du verrier, qui consiste à mettre en œuvre le verre fourni par la verrerie afin de réaliser un vitrail, « image translucide et colorée ». ', 'imagenotfound.png', '2019-07-11', 1, 7),
(129, 'Artificier', '', 'imagenotfound.png', '2019-07-12', 1, 7),
(135, 'Conservateur de musée', '', 'imagenotfound.png', '2019-07-12', 1, 7),
(137, 'Dessinateur', '', 'imagenotfound.png', '2019-07-12', 1, 7),
(138, 'Designer', '', 'imagenotfound.png', '2019-07-12', 1, 7),
(139, 'Dompteur', '', 'imagenotfound.png', '2019-07-12', 1, 7),
(143, 'Graveur', '', 'imagenotfound.png', '2019-07-12', 1, 7),
(144, 'Graphiste', '', 'imagenotfound.png', '2019-07-12', 1, 7),
(146, 'Illustrateur', '', 'imagenotfound.png', '2019-07-12', 1, 7),
(155, 'Peintre', '', 'imagenotfound.png', '2019-07-12', 1, 7),
(156, 'Photographe', '', 'imagenotfound.png', '2019-07-12', 1, 7),
(164, 'Aménageur foncier', '', 'imagenotfound.png', '2019-07-12', 1, 9),
(165, 'Architecte', '', 'imagenotfound.png', '2019-07-12', 1, 9),
(166, 'Calorifugeur', '', 'imagenotfound.png', '2019-07-12', 1, 9),
(167, 'Aménageur d\'espace intérieur', '', 'imagenotfound.png', '2019-07-12', 1, 9),
(168, 'Carreleur', '', 'imagenotfound.png', '2019-07-12', 1, 9),
(169, 'Charpentier', '', 'imagenotfound.png', '2019-07-12', 1, 9),
(170, 'Chauffagiste', '', 'imagenotfound.png', '2019-07-12', 1, 9),
(171, 'Cordiste', '', 'imagenotfound.png', '2019-07-12', 1, 9),
(172, 'Couvreur', '', 'imagenotfound.png', '2019-07-12', 1, 9),
(173, 'Couvreur-zingueur', 'Il intervient généralement avec le couvreur pour la pose des gouttières ou des chéneaux, des descentes d\'eau pluviales et d\'une manière générale participe à l\'étanchéité à l\'eau des toitures', 'imagenotfound.png', '2019-07-12', 1, 9),
(174, 'Électricien', '', 'imagenotfound.png', '2019-07-12', 1, 9),
(175, 'Escaliéteur', '', 'imagenotfound.png', '2019-07-12', 1, 9),
(176, 'Étancheur', '', 'imagenotfound.png', '2019-07-12', 1, 9),
(177, 'Façadier', '', 'imagenotfound.png', '2019-07-12', 1, 9),
(178, 'Frigoriste', '', 'imagenotfound.png', '2019-07-12', 1, 9),
(179, 'Géomètre', '', 'imagenotfound.png', '2019-07-12', 1, 9),
(180, 'Parqueteur', '', 'imagenotfound.png', '2019-07-12', 1, 9),
(181, 'Peintre en bâtiment', '', 'imagenotfound.png', '2019-07-12', 1, 9),
(182, 'Plaquiste', '', 'imagenotfound.png', '2019-07-12', 1, 9),
(183, 'Plâtrier', '', 'imagenotfound.png', '2019-07-12', 1, 9),
(184, 'Plombier', 'Un plombier installe, répare et entretient les conduites d\'eau, les tuyaux et les robinets dans un bâtiment. ', 'imagenotfound.png', '2019-07-12', 1, 9),
(185, 'Promoteur immobilier', '', 'imagenotfound.png', '2019-07-12', 1, 9),
(186, 'Staffeur ornemaniste', '', 'imagenotfound.png', '2019-07-12', 1, 9),
(187, 'Tailleur de pierre', '', 'imagenotfound.png', '2019-07-12', 1, 9),
(188, 'Vitrier', '', 'imagenotfound.png', '2019-07-12', 1, 9),
(189, 'Ingénieur civil', 'Les ingénieurs civils ou ingénieurs en génie civil s\'occupent de la conception, la réalisation, l\'exploitation et la réhabilitation d\'ouvrages de construction et d\'infrastructures', 'imagenotfound.png', '2019-07-12', 1, 9),
(190, 'Acheteur', '', 'imagenotfound.png', '2019-07-12', 1, 10),
(191, 'Aide-caissier', '', 'imagenotfound.png', '2019-07-12', 1, 10),
(192, 'Buraliste', '', 'imagenotfound.png', '2019-07-12', 1, 10),
(193, 'Caissier', 'Le caissier ou la caissière tient la caisse dans divers endroits ou entreprises. Le caissier encaisse ou, plus rarement, rembourse de l\'argent.', 'imagenotfound.png', '2019-07-12', 1, 10),
(194, 'Chausseur', 'Commerçant en chaussures.', 'imagenotfound.png', '2019-07-12', 1, 10),
(195, 'Commercial', 'Un commercial (une commerciale) est une personne dont le métier est lié à la vente. Avec un portefeuille de clients ou de clients potentiels, sur une zone géographique définie, il/elle développe les ventes en respectant la politique commerciale définie par l\'entreprise.', 'imagenotfound.png', '2019-07-12', 1, 10),
(196, 'Cuisiniste', 'Un cuisiniste est un professionnel spécialiste de la conception et de l\'aménagement des cuisines et assurant la commercialisation de ces produits', 'imagenotfound.png', '2019-07-12', 1, 9),
(197, 'Courtier', 'Il sert d\'intermédiaire pour une transaction entre un vendeur et un acheteur, dont il est à tout moment indépendant. La transaction peut porter sur toute opération d\'achat ou de vente de marchandise ou de prestation de service. ', 'imagenotfound.png', '2019-07-25', 1, 10),
(198, 'Crémier', '', 'imagenotfound.png', '2019-07-12', 1, 10),
(199, 'Détaillant', '', 'imagenotfound.png', '2019-07-12', 1, 10),
(200, 'Disquaire', '', 'imagenotfound.png', '2019-07-12', 1, 10),
(201, 'Droguiste', 'Personne ou société qui vend des matières premières aux fabricants de produits pharmaceutiques et aux pharmaciens.', 'imagenotfound.png', '2019-07-12', 1, 10),
(202, 'Épicier', '', 'imagenotfound.png', '2019-07-12', 1, 10),
(203, 'Étalagiste', '', 'imagenotfound.png', '2019-07-12', 1, 10),
(204, 'Fleuriste', 'Un fleuriste est un professionnel du monde des fleurs. Il travaille dans la rue, dans un marché ou dans un magasin de fleurs. ', 'imagenotfound.png', '2019-07-12', 1, 10),
(205, 'Grossiste ', 'C\'est une personne qui vent en grose quantité que au particulier.', 'imagenotfound.png', '2019-07-12', 1, 10),
(206, 'Ingénieur commercial', '', 'imagenotfound.png', '2019-07-12', 1, 10),
(207, 'Laitier', 'Exploitant d\'un élevage de femelles bovines laitières', 'imagenotfound.png', '2019-07-12', 1, 5),
(208, 'Libraire', '', 'imagenotfound.png', '2019-07-12', 1, 10),
(209, 'Livreur', '', 'imagenotfound.png', '2019-07-12', 1, 10),
(210, 'Marchand de journaux', '', 'imagenotfound.png', '2019-07-12', 1, 10),
(211, 'Opticien ', 'Un opticien est une personne qui fait des lunettes', 'imagenotfound.png', '2019-07-12', 1, 23),
(212, 'Télévendeur', '', 'imagenotfound.png', '2019-07-12', 1, 10),
(213, 'Trader', '', 'imagenotfound.png', '2019-07-12', 1, 10),
(214, 'Vendeur', '', 'imagenotfound.png', '2019-07-12', 1, 10),
(215, 'Administrateur judiciaire', 'L’administrateur judiciaire est un professionnel indépendant qui intervient lorsqu’une entreprise rencontre des difficultés. Il établit un diagnostic et préserve les droits de l\'entreprise. Il étudie des solutions de continuation ou de cession de l\'entreprise. ', 'imagenotfound.png', '2019-07-12', 1, 11),
(216, 'Avocat', 'un avocat est un professionnel faisant partie d\'un barreau d\'une juridiction de justice l\'habilitant à défendre des cas par devant les tribunaux. ', 'imagenotfound.png', '2019-07-12', 1, 11),
(217, 'Clerc de notaire', 'Le clerc de notaire prépare, rédige et fait authentifier les actes notariés issus des contrats passés entre particuliers ou entreprises', 'imagenotfound.png', '2019-07-12', 1, 11),
(218, 'Greffier', 'le greffier ou la greffière est un professionnel qui garantit l\'authenticité des décisions du juge.', 'imagenotfound.png', '2019-07-12', 1, 11),
(219, 'Huissier de justice', 'L\'huissier de justice est un officier exécutant des missions d\'ordre légal.', 'imagenotfound.png', '2019-07-12', 1, 11),
(220, 'Juge', 'Un juge est une personne qui juge des crimes et délits dans les tribinaux', 'imagenotfound.png', '2019-07-12', 1, 11),
(221, 'juriste', 'Le juriste est un spécialiste du droit ', 'imagenotfound.png', '2019-07-12', 1, 11),
(222, 'Notaire', 'Le notaire est un juriste investi d\'une mission d\'autorité publique qui prépare des contrats sous la forme authentique pour le compte de ses clients.', 'imagenotfound.png', '2019-07-12', 1, 11),
(223, 'Arpenteur', 'Un arpenteur est un officier public expert des limites de propriété ', 'imagenotfound.png', '2019-07-12', 1, 11),
(224, 'Écrivain ', 'Un écrivain est une personne qui écrit et publie des ouvrages. ', 'imagenotfound.png', '2019-07-12', 1, 12),
(226, 'Éditeur', 'Professionnel qui fait paraître sous sa responsabilité, un ouvrage, un journal, une revue ou un périodique...', 'imagenotfound.png', '2019-07-12', 1, 12),
(227, 'Relecteur', '', 'imagenotfound.png', '2019-07-12', 1, 12),
(228, 'Chromiste', '', 'imagenotfound.png', '2019-07-12', 1, 12),
(229, 'Claviste', '', 'imagenotfound.png', '2019-07-12', 1, 12),
(230, 'Conducteur (en Imprimerie)', '', 'imagenotfound.png', '2019-07-12', 1, 12),
(231, 'Copiste', '', 'imagenotfound.png', '2019-07-12', 1, 12),
(232, 'Correcteur', '', 'imagenotfound.png', '2019-07-12', 1, 12),
(233, 'Exécutant', '', 'imagenotfound.png', '2019-07-12', 1, 12),
(234, 'Fabricant', '', 'imagenotfound.png', '2019-07-12', 1, 12),
(235, 'Linotypiste', '', 'imagenotfound.png', '2019-07-12', 1, 12),
(236, 'Lithographe', '', 'imagenotfound.png', '2019-07-12', 1, 12),
(237, 'Ludlowiste', '', 'imagenotfound.png', '2019-07-12', 1, 12),
(238, 'Maquettiste', '', 'imagenotfound.png', '2019-07-12', 1, 12),
(239, 'Margeur', '', 'imagenotfound.png', '2019-07-12', 1, 12),
(240, 'Massicotier', '', 'imagenotfound.png', '2019-07-12', 1, 12),
(241, 'Monteur incorporateur', '', 'imagenotfound.png', '2019-07-12', 1, 12),
(242, 'Opérateur (en Imprimerie)', '', 'imagenotfound.png', '2019-07-12', 1, 12),
(243, 'Photocompositeur', '', 'imagenotfound.png', '2019-07-12', 1, 12),
(244, 'Photograveur', '', 'imagenotfound.png', '2019-07-12', 1, 12),
(245, 'Pressier', '', 'imagenotfound.png', '2019-07-12', 1, 12),
(246, 'Relieur', '', 'imagenotfound.png', '2019-07-12', 1, 12),
(247, 'Sérigraphe', '', 'imagenotfound.png', '2019-07-12', 1, 12),
(248, 'Typographe', '', 'imagenotfound.png', '2019-07-12', 1, 12),
(249, 'Aide-documentaliste', '', 'imagenotfound.png', '2019-07-12', 1, 13),
(250, 'Chercheur', 'Un chercheur est un professionnel qui se consacre à la recherche scientifique. ', 'imagenotfound.png', '2019-07-12', 1, 13),
(251, 'Conseiller d\'éducation', '', 'imagenotfound.png', '2019-07-12', 1, 13),
(252, 'Documentaliste', '', 'imagenotfound.png', '2019-07-12', 1, 13),
(254, 'Enseignant', 'Un enseignant, ou une enseignante,\r\nest un professionnel chargé de faire acquérir à des élèves des connaissances et des compétences diverses.', 'imagenotfound.png', '2019-07-12', 1, 13),
(255, 'Instituteur / Professeur des écoles ', '', 'imagenotfound.png', '2019-07-12', 1, 13),
(256, 'Maître de conférences', '', 'imagenotfound.png', '2019-07-12', 1, 13),
(257, 'Orienteur professionnel', '', 'imagenotfound.png', '2019-07-12', 1, 13),
(258, 'Professeur', ' Un professeur est un professionnel qui enseigne une quelconque matière à des élèves, au primaire, au collège, au lycée et à l\'université. ', 'imagenotfound.png', '2019-07-12', 1, 13),
(259, 'Approvisionneur', '', 'imagenotfound.png', '2019-07-12', 1, 14),
(260, 'Comptable', '', 'imagenotfound.png', '2019-07-12', 1, 14),
(261, 'Consolideur', '', 'imagenotfound.png', '2019-07-12', 1, 14),
(262, 'Contrôleur de gestion', '', 'imagenotfound.png', '2019-07-12', 1, 14),
(263, 'Fiscaliste', '', 'imagenotfound.png', '2019-07-12', 1, 14),
(264, 'Logisticien', '', 'imagenotfound.png', '2019-07-12', 1, 14),
(265, 'Qualiticien', '', 'imagenotfound.png', '2019-07-12', 1, 14),
(266, 'Réceptionniste', '', 'imagenotfound.png', '2019-07-12', 1, 14),
(267, 'Secrétaire', '', 'imagenotfound.png', '2019-07-12', 1, 14),
(268, 'Téléphoniste', '', 'imagenotfound.png', '2019-07-12', 1, 14),
(269, 'Relationniste', 'Professionnel chargé des relations publiques dans un organisme, une entreprise.', 'imagenotfound.png', '2019-07-12', 1, 14),
(270, 'Balayeur', 'Professionnel qui balaie les voies publiques.', 'imagenotfound.png', '2019-07-12', 1, 15),
(271, 'Éboueur ', 'Personne chargé d\'enlever les ordures ménagères.', 'imagenotfound.png', '2019-07-12', 1, 15),
(272, 'Technicien de surface', 'Un technicien de surface, agent d\'entretien, agent d\'entretien et maintenance ou agent de propreté et d\'hygiène, souvent également appelé homme de ménage (ou femme de ménage si c\'est une femme), est un salarié chargé du nettoyage de locaux autres que des logements individuels.', 'imagenotfound.png', '2019-07-12', 1, 15),
(273, 'Femme de ménage', 'Une femme de ménage est une femme qui nettoie des locaux contre rémunération.', 'imagenotfound.png', '2019-07-12', 1, 15),
(274, 'Actuaire', 'L’actuaire conduit des études techniques (mathématiques, financières et statistiques) nécessaires à la création ou la modification de contrats d’assurances pour la compagnie qui l’emploie et au pilotage des risques de l’entreprise.', 'imagenotfound.png', '2019-07-25', 1, 16),
(275, 'Analyste crédit', '', 'imagenotfound.png', '2019-07-12', 1, 16),
(276, 'Analyste financier', '', 'imagenotfound.png', '2019-07-12', 1, 16),
(277, 'Agent d\'assurance', '', 'imagenotfound.png', '2019-07-12', 1, 16),
(278, 'Agent de change', '', 'imagenotfound.png', '2019-07-12', 1, 16),
(279, 'Auditeur', '', 'imagenotfound.png', '2019-07-12', 1, 16),
(280, 'Cambiste', '', 'imagenotfound.png', '2019-07-12', 1, 16),
(281, 'Chargé de clientèle', '', 'imagenotfound.png', '2019-07-12', 1, 14),
(282, 'Commissaire aux comptes', '', 'imagenotfound.png', '2019-07-12', 1, 16),
(283, 'Conseiller financier', '', 'imagenotfound.png', '2019-07-12', 1, 16),
(284, 'Conseiller fiscal', '', 'imagenotfound.png', '2019-07-12', 1, 16),
(285, 'Contrôleur des risques', '', 'imagenotfound.png', '2019-07-12', 1, 16),
(286, 'Courtier en bourse', '', 'imagenotfound.png', '2019-07-12', 1, 16),
(287, 'Courtier en assurances', '', 'imagenotfound.png', '2019-07-12', 1, 16),
(288, 'Déontologue', '', 'imagenotfound.png', '2019-07-12', 1, 16),
(289, 'Gérant de patrimoine', '', 'imagenotfound.png', '2019-07-12', 1, 16),
(290, 'Gérant de portefeuille', '', 'imagenotfound.png', '2019-07-12', 1, 16),
(291, 'Ingénieur financier', '', 'imagenotfound.png', '2019-07-12', 1, 16),
(292, 'Trésorier', '', 'imagenotfound.png', '2019-07-12', 1, 16),
(293, 'Ajusteur', '', 'imagenotfound.png', '2019-07-12', 1, 18),
(294, 'Automaticien', '', 'imagenotfound.png', '2019-07-12', 1, 18),
(295, 'Chimiste ', 'Les chimistes réalisent des expériences, des analyses, ou des synthèses selon un protocole (ensemble de règles) bien défini.', 'imagenotfound.png', '2019-07-12', 1, 18),
(296, 'Chercheur Industriel', '', 'imagenotfound.png', '2019-07-12', 1, 18),
(297, 'Hydraulicien', '', 'imagenotfound.png', '2019-07-12', 1, 18),
(298, 'Ingénieur Industriel', 'L\'ingénieur Industriel contrôle l\'utilisation des moyens de production de manière à assurer l\'emploi efficace sûr et économique du personnel, des matériaux et de l\'équipement au sein d\'une entreprise manufacturière.', 'imagenotfound.png', '2019-07-12', 1, 18),
(299, 'Ingénieur d’étude', 'L’ingénieur d’études coordonne les études liées au développement de nouveaux produits et s’attache à respecter les spécifications définies dans le cahier des charges.', 'imagenotfound.png', '2019-07-12', 1, 18),
(300, 'Ingénieur électricien', 'L’ingénieur électricien est un professionnel capable d’intervenir sur tous les types d’équipements électriques. ', 'imagenotfound.png', '2019-07-12', 1, 18),
(301, 'Ingénieur électrotechnicien', 'L’ingénieur électrotechnicien est un as de la conception des composants électroniques qui s’intégreront dans des produits plus innovants les uns que les autres. ', 'imagenotfound.png', '2019-07-12', 1, 18),
(302, 'Ingénieur en informatique industrielle', 'Cet ingénieur est à la fois un expert en électronique et en informatique, appliquées à la production industrielle.', 'imagenotfound.png', '2019-07-12', 1, 18),
(303, 'Ingénieur en mécanique', 'l’ingénieur conçoit l’architecture d’ensemble d’un produit, choisit les solutions techniques, procède à des simulations sur ordinateur pour soumettre les pièces à différentes contraintes.', 'imagenotfound.png', '2019-07-12', 1, 18),
(304, 'Concepteur en système mécanique ', 'Le métier de concepteur en système mécanique consiste à concevoir des machines, des systèmes mécaniques ou des produits à la demande d’une entreprise, pour qu’ils soient fabriqués industriellement.', 'imagenotfound.png', '2019-07-12', 1, 18),
(305, 'Dessinateur industriel', 'Le (la) dessinateur(trice) industriel(le) est chargé(e) de représenter, sous toutes les coutures et au millimètre près, un objet à fabriquer, auparavant sorti tout droit du crâne des ingénieurs de bureaux d’études.', 'imagenotfound.png', '2019-07-12', 1, 18),
(306, 'Concepteur numérique', 'Le concepteur / la conceptrice numérique est chargé(e) de la création de produits numériques à des fins éducatives, commerciales ou comme supports de communication.', 'imagenotfound.png', '2019-07-12', 1, 18),
(307, 'Ingénieur calcul', 'l’ingénieur calcul est un expert technique principalement chargé d’améliorer la conception et la production d’un nouveau projet industriel. Son rôle : calculer toutes les caractéristiques des pièces du projet. ', 'imagenotfound.png', '2019-07-12', 1, 18),
(308, 'Soudeur', 'Celui dont le travail consiste à réunir deux ou plusieurs parties constitutives d\'un assemblage, de manière à assurer la continuité entre les parties à assembler, soit par chauffage, soit par intervention de pression, soit par l\'un et l\'autre, avec ou sans emploi d\'un produit d\'apport dont la température de fusion est du même ordre de grandeur que celle du matériau de base.', 'imagenotfound.png', '2019-07-12', 1, 18),
(309, 'Technologue', 'professionnel qui Étudie les outils, les machines, les procédés et les méthodes employés dans les diverses branches de l\'industrie.', 'imagenotfound.png', '2019-07-12', 1, 18),
(310, 'Administrateur de bases de données', '', 'imagenotfound.png', '2019-07-12', 1, 19),
(311, 'Administrateur réseau', '', 'imagenotfound.png', '2019-07-12', 1, 19),
(312, 'Administrateur système', '', 'imagenotfound.png', '2019-07-12', 1, 19),
(313, 'Analyste', '', 'imagenotfound.png', '2019-07-12', 1, 19),
(314, 'Architecte système', '', 'imagenotfound.png', '2019-07-12', 1, 19),
(315, 'Cogniticien', '', 'imagenotfound.png', '2019-07-12', 1, 19),
(316, 'Programmeur', 'Les Programmeurs sont des personnes qui créent des programmes, des sites web ou qui gérent une structure réseau pour une entreprise (ou autre structures informatiques) en utilisant un language informatique,', 'imagenotfound.png', '2019-08-21', 1, 19),
(317, 'Documentaliste', '', 'imagenotfound.png', '2019-07-12', 1, 19),
(318, 'Ergonome du logiciel', '', 'imagenotfound.png', '2019-07-12', 1, 19),
(319, 'Gestionnaire de parc informatique', '', 'imagenotfound.png', '2019-07-12', 1, 19),
(320, 'Intégrateur', '', 'imagenotfound.png', '2019-07-12', 1, 19),
(321, 'Rédacteur de documentation', 'Le rédacteur de documentation en informatique a pour fonction la production des textes et autres médias destinés à l\'assistance des utilisateurs de logiciels. ', 'imagenotfound.png', '2019-07-12', 1, 19),
(322, 'Sécurité Management', '', 'imagenotfound.png', '2019-07-12', 1, 19),
(323, 'Téléassistant', '', 'imagenotfound.png', '2019-07-12', 1, 19),
(324, 'Technicien réseau', '', 'imagenotfound.png', '2019-07-12', 1, 19),
(325, 'Webdesigner', '', 'imagenotfound.png', '2019-07-12', 1, 19),
(326, 'Webmestre', '', 'imagenotfound.png', '2019-07-12', 1, 19),
(328, 'Biographe', '', 'imagenotfound.png', '2019-07-12', 1, 12),
(329, 'Calligraphe', '', 'imagenotfound.png', '2019-07-12', 1, 12),
(331, 'Critique littéraire', '', 'imagenotfound.png', '2019-07-12', 1, 12),
(332, 'Interprète', 'Un interprète est une personne dont le métier est de traduire un discours oral de façon simultanée', 'imagenotfound.png', '2019-07-12', 1, 12),
(333, 'Linguiste', '', 'imagenotfound.png', '2019-07-12', 1, 12),
(334, 'Traducteur ', 'Un traducteur est un métier consistant à traduire des textes d\'une langue à une autre. ', 'imagenotfound.png', '2019-07-12', 1, 12),
(336, 'Critique d\'art', 'La critique d\'art est l\'art de juger les œuvres de l\'esprit, dont à l\'origine celles appartenant aux beaux-arts. Le critique d\'art agit ainsi comme « guide du goût du public ». ', 'imagenotfound.png', '2019-07-12', 1, 7),
(337, 'Marchand d\'art', 'Un marchand d\'art est une personne qui se consacre à la vente d\'œuvres ou objets d\'art. ', 'imagenotfound.png', '2019-07-12', 1, 7),
(338, 'Planneur stratégique', '', 'imagenotfound.png', '2019-07-12', 1, 21),
(339, 'Analyste marketing', '', 'imagenotfound.png', '2019-07-12', 1, 21),
(340, 'Publicitaire', 'Professionnel de la publicité.', 'imagenotfound.png', '2019-07-12', 1, 21),
(341, 'Concepteur-rédacteur', 'Un concepteur-rédacteur (ou copywriter dans les pays anglo-saxons) a comme profession la recherche de concepts vecteurs d\'une communication, à destination du public ou d\'entreprise (B to B) permettant la valorisation d\'un produit, d\'une activité, d\'une personne, d\'une opinion ou d\'une idée. ', 'imagenotfound.png', '2019-07-12', 1, 21),
(342, 'Média-planneur', 'Le média-planneur élabore un plan média en vue de prévoir et de coordonner les différents passages d\'une campagne publicitaire dans les grands médias traditionnels et le web. ', 'imagenotfound.png', '2019-07-12', 1, 21),
(343, 'Roughman', 'il réalise les esquisses d’un spot ou d’une annonce. ', 'imagenotfound.png', '2019-07-12', 1, 21),
(344, 'Webmarketeur', 'Le web marketeur a pour fonction d\'augmenter le trafic et les ventes d\'un site internet. ', 'imagenotfound.png', '2019-07-12', 1, 21),
(345, 'Caméraman', ' Un caméraman est une personne qui filme avec une caméra. Il filme des interviews, des émissions de télévision, des films etc... ', 'imagenotfound.png', '2019-07-12', 1, 22),
(346, 'Infopreneur', 'c’est un professionnel qui vend sur Internet des informations qu’elle connaît ou qu’elle collecte sur un sujet, souvent pour apporter une solution à un problème qui bloque beaucoup de gens.', 'imagenotfound.png', '2019-07-12', 1, 22),
(347, 'Journaliste', 'Un journaliste est un professionnel qui travaille dans la presse (pour un journal, pour un magazine, pour une radio d\'information ou pour la télévision). Il recueille, vérifie, traite et publie des informations. ', 'imagenotfound.png', '2019-07-12', 1, 22),
(348, 'Photojournaliste', 'Le photojournaliste est un profeessionnel qui fournit des informations précises, honnêtes, situées dans leur contexte, en image.', 'imagenotfound.png', '2019-07-12', 1, 22),
(349, 'Pigiste', 'Un pigiste est un journaliste rémunéré à la tâche', 'imagenotfound.png', '2019-07-12', 1, 22),
(350, 'Metteur en onde', 'Professionnel chargé de la mise en onde d\'une oeuvre audiovisuelle', 'imagenotfound.png', '2019-07-12', 1, 22),
(351, 'Producteur (radio)', 'Professionnel qui enregistre et édite des oeuvres pour la radio ', 'imagenotfound.png', '2019-07-22', 1, 22),
(352, 'Assistant parlementaire', '', 'imagenotfound.png', '2019-07-12', 1, 30),
(353, 'Consultant en relations internationales', '', 'imagenotfound.png', '2019-07-12', 1, 30),
(355, 'Diplomate', '', 'imagenotfound.png', '2019-07-12', 1, 30),
(356, 'Lobbyiste', 'Ils exercent leur influence auprès des décideurs politiques afin de défendre les intérêts des groupes pour qui ils travaillent. ', 'imagenotfound.png', '2019-07-12', 1, 30),
(357, 'Expert en politique publique', 'Analyser l\'impact, la mise en œuvre et les résultats d\'une politique publique, porter un jugement sur ces derniers au regard des objectifs affichés, des normes législatives et réglementaires, et des moyens mis en œuvre, et proposer éventuellement des pistes d\'amélioration.', 'imagenotfound.png', '2019-07-12', 1, 30),
(358, 'Consultant défense et sécurité', 'Le Consultant défense et sécurité est un professionnel qui accompagner les décideurs politiques pour mieux répondre aux grands enjeux de défense et de sécurité nationales.', 'imagenotfound.png', '2019-07-12', 1, 30),
(359, 'Politicien', 'Personne dont l\'activité principale est de produire des faits relatifs aux affaires publiques. Elle peut être élue, nommée à une fonction de l\'administration publique, dirigeant (e) d\'une organisation politique... ', 'imagenotfound.png', '2019-07-12', 1, 30),
(361, 'Thanatopracteur', 'Le thanatopracteur intervient sur le corps des défunts, à la demande de la famille, pour une réalisation de soins qui rendent au mort un aspect présentable.', 'imagenotfound.png', '2019-07-12', 1, 23),
(362, 'Fossoyeur', 'Personne qui creuse les fosses pour enterrer les morts.', 'imagenotfound.png', '2019-07-12', 1, 23),
(363, 'Agent funéraire ou Croque-mort', 'Le métier d\'agent funéraire consiste à accompagner la famille et les amis de la victime dans le processus d\'organisation de la cérémonie funéraire.', 'imagenotfound.png', '2019-07-12', 1, 23),
(364, 'Médecin Généraliste', 'Le médecin accueille des patients de tout âge et soigne diverses pathologies.', 'imagenotfound.png', '2019-07-13', 1, 23),
(365, 'Dentiste', 'Le chirurgien dentiste est un praticien spécialisé dans les soins de la sphère orale.', 'imagenotfound.png', '2019-07-13', 1, 23),
(366, 'Pharmacien', 'Spécialiste des molécules, il est aussi commerçant, conseil et chef d’entreprise. Il peut aussi jouer un rôle d’information, de conseil et de prévention et éventuellement proposer des produits non soumis à prescription.', 'imagenotfound.png', '2019-07-13', 1, 23),
(367, 'sage-femme', 'La sage-femme établit le diagnostic de la grossesse et assure le suivi de la femme enceinte jusqu’à l’accouchement. ', 'imagenotfound.png', '2019-07-13', 1, 23),
(368, 'biologiste médical', 'Le (la) biologiste médicale est spécialisé dans les analyses médicales réalisées sur des liquides biologiques. Il/elle en interprète ensuite les résultats.', 'imagenotfound.png', '2019-07-13', 1, 23),
(369, 'Manipulateur d’électroradiologie médicale', 'Le (la) manipulateur(trice) d’électroradiologie médicale déclenche les appareils et veille au bon déroulement de l’examen.', 'imagenotfound.png', '2019-07-13', 1, 23),
(370, 'Médecin légiste', 'Le médecin légiste est avant tout saisi par la justice pour autopsie en cas de décès d’origine criminelle, mais il est aussi sollicité pour des vivants après un accident, des coups et blessures, pour affaires de mœurs ou encore pour évaluer des séquelles. ', 'imagenotfound.png', '2019-07-13', 1, 23),
(371, 'Chirurgien', 'Le (la) chirurgien(ne) pratique des interventions chirurgicales sur le corps des personnes victimes de fractures ouvertes, de tumeurs, ou de malformations. Il/elle recoud, pose des prothèses, fait des transplantations…', 'imagenotfound.png', '2019-07-13', 1, 23),
(372, 'Gynécologue-obstétricien', 'Le (la) gynécologue-obstétricien(ne) est un spécialiste de la physiologie de la femme, de son appareil génital, de la grossesse, de l’accouchement et de ses suites.', 'imagenotfound.png', '2019-07-13', 1, 23),
(373, 'Cardiologue', '\r\n\r\nLe (la) cardiologue est un médecin spécialisé dans les maladies du cœur ou cardio-vasculaires : insuffisance cardiaque, hypertension artérielle, infarctus du myocarde, troubles du rythme cardiaque, embolie pulmonaire, problèmes de circulation sanguine…\r\n', 'imagenotfound.png', '2019-07-13', 1, 23),
(374, 'Psychiatre', 'Le/la psychiatre est un docteur en médecine spécialisé(e) dans le diagnostic et le traitement des troubles mentaux graves.', 'imagenotfound.png', '2019-07-13', 1, 23),
(375, 'Pédiatre', 'Le/la pédiatre est le médecin spécialiste des maladies de l’enfant et de l’adolescent. ', 'imagenotfound.png', '2019-07-13', 1, 23),
(376, 'Dermatologue', 'Le (la) dermatologue est le médecin spécialiste de la peau, des ongles et du cuir chevelu. ', 'imagenotfound.png', '2019-07-13', 1, 23),
(377, 'Nutritionniste', 'Le nutritionniste est un spécialiste qui va suivre un certain nombre de patients dans un cadre médical', 'imagenotfound.png', '2019-07-13', 1, 23),
(378, 'Ophtalmologue', 'Médecin spécialiste de l’œil et de la vision, l’ophtalmologiste ou ophtalmologue ou encore oculiste diagnostique les défauts et pathologies de la vision.', 'imagenotfound.png', '2019-07-13', 1, 23),
(379, 'Infirmier(e)', 'L’infirmier(ère) coordonne et dispense des soins de nature technique, relationnelle, éducative et préventive.', 'imagenotfound.png', '2019-07-13', 1, 23),
(380, 'Aide-soignant(e)', 'Aux petits soins pour ses patients, il assure leur hygiène et leur confort.', 'imagenotfound.png', '2019-07-13', 1, 23),
(381, 'Assistant médical', 'l’assistant médical épaule le médecin généraliste ou le spécialiste dans son cabinet.', 'imagenotfound.png', '2019-07-13', 1, 23),
(382, 'Acupuncteur', 'Spécialiste de la médecine traditionnelle chinoise, l’acupuncteur(trice) soulage les maux physiques et psychologiques de l’être humain à l’aide de fines aiguilles qui sont implantées à la surface de la peau.', 'imagenotfound.png', '2019-07-13', 1, 23),
(383, 'Ostéopathe', 'Ce tenant de la « médecine manuelle » diagnostique et traite, par manipulations et mobilisations des différents tissus du corps, les dysfonctionnements de certains constituants du squelette (muscles, ligaments, articulations, ligaments).', 'imagenotfound.png', '2019-07-13', 1, 23),
(384, 'Chiropracteur', 'le chiropracteur soigne avec ses mains, en se concentrant sur les systèmes nerveux et musculo-squele', 'imagenotfound.png', '2019-07-13', 1, 23),
(385, 'Etiopathe', 'L’étiopathe s’attache à identifier les causes réelles des maux par une méthode de raisonnement et de soins manuelle originale', 'imagenotfound.png', '2019-07-13', 1, 23),
(386, 'Préparateur en pharmacie', ' Le (la) préparateur(trice) en pharmacie délivre les médicaments ou appareillages médicaux et réalise pommades, gélules, solutions.', 'imagenotfound.png', '2019-07-13', 1, 23),
(387, 'Psychologue clinicien', 'Le/la psychologue clinicien(ne) s’occupe de patients qui souffrent de troubles psychiques et moraux.', 'imagenotfound.png', '2019-07-13', 1, 23),
(388, 'Pédopsychiatre', 'Le pédopsychiatre est un psychiatre spécialisé dans le soin des troubles mentaux des enfants et des adolescents.', 'imagenotfound.png', '2019-07-13', 1, 23),
(389, 'Psychothérapeute', 'Le/la psychothérapeute traite les troubles psychologiques, comportementaux et psychosomatiques dont souffrent les personnes.', 'imagenotfound.png', '2019-07-13', 1, 23),
(390, 'Puéricultrice', 'Au sein d’une équipe de personnels soignants, le puériculteur ou la puéricultrice joue un rôle éducatif et préventif auprès des (nouveaux) parents.', 'imagenotfound.png', '2019-07-13', 1, 23);
INSERT INTO `metiers` (`id_metier`, `nom_metier`, `description`, `image`, `date_creation`, `statut`, `id_secteur`) VALUES
(391, 'Vétérinaire', 'Vétérinaire', 'imagenotfound.png', '2019-07-13', 1, 23),
(392, 'Technicien en analyses biomédicales', 'Il réalise et traite, sur prescription médicale, des prélèvements biologiques (sang, urine, tissus…) dans un but de dépistage, de diagnostic et de traitement des personnes.', 'imagenotfound.png', '2019-07-13', 1, 23),
(393, 'Naturopathe', 'Le (la) naturopathe est un praticien de santé qui guide ses patients vers une meilleure hygiène de vie et qui intervient en complément de la médecine traditionnelle dans le cas d’affections chroniques.', 'imagenotfound.png', '2019-07-13', 1, 23),
(394, 'Secrétaire médicale', 'le lien entre les structures de soin et les patients', 'imagenotfound.png', '2019-07-13', 1, 23),
(395, 'Anesthésiste ou Anesthésiologiste', 'Il (elle) est un médecin spécialisé dans la suppression des sensations ', 'imagenotfound.png', '2019-07-13', 1, 23),
(396, 'Ergothérapeute', '', 'imagenotfound.png', '2019-07-13', 1, 23),
(397, 'Inhalothérapeute', '', 'imagenotfound.png', '2019-07-13', 1, 23),
(398, 'Kinésithérapie ', 'Le kinésithérapeute travaille dans le but de renforcer les muscles, améliorer la mobilité et d\'autres fonctions physiques. ', 'imagenotfound.png', '2019-07-13', 1, 23),
(399, 'Laborantin', '', 'imagenotfound.png', '2019-07-13', 1, 23),
(400, 'Orthophoniste', '', 'imagenotfound.png', '2019-07-13', 1, 23),
(401, 'Parapharmacien', '', 'imagenotfound.png', '2019-07-13', 1, 23),
(402, 'Orthopédiste', 'le chirurgien orthopédique assure la correction fonctionnelle de l’appareil locomoteur.', 'imagenotfound.png', '2019-07-13', 1, 23),
(403, 'Psychologue ', 'Le psychologue est un expert du comportement et des émotions', 'imagenotfound.png', '2019-07-13', 1, 24),
(404, 'Anthropologue', 'Un anthropologue se charge d\'étudier les tombes et les squelettes de l\'Homme pour expliquer leur histoire. ', 'imagenotfound.png', '2019-07-13', 1, 24),
(405, 'Archéologue', 'l\'archéologue est un professionnel qui intervient pour vérifier qu\'il n\'y a pas de trésors historiques enfouis dans le sol. ', 'imagenotfound.png', '2019-07-13', 1, 24),
(413, 'Comportementaliste', '', 'imagenotfound.png', '2019-07-13', 1, 24),
(417, 'Économiste', 'Un économiste est un professionnel qui étudie les activités de productions, de distributions, d\'échanges et de consommations de biens et de services. ', 'imagenotfound.png', '2019-07-13', 1, 24),
(418, 'Éthologue', '', 'imagenotfound.png', '2019-07-13', 1, 24),
(423, 'Paléontologue', '', 'imagenotfound.png', '2019-07-13', 1, 24),
(427, 'Sociologue', '', 'imagenotfound.png', '2019-07-13', 1, 24),
(429, 'Agent de sécurité', '', 'imagenotfound.png', '2019-07-13', 1, 25),
(430, 'Ambulancier', '', 'imagenotfound.png', '2019-07-13', 1, 25),
(431, 'Détective', ' Un détective est une personne qui enquête sur des affaires non élucidées (vols, enlèvements, meurtres, etc...). Il est chargé de retrouver les criminels ou les victimes. ', 'imagenotfound.png', '2019-07-13', 1, 25),
(432, 'Démineur', '', 'imagenotfound.png', '2019-07-13', 1, 25),
(433, 'Garde du corps', '', 'imagenotfound.png', '2019-07-13', 1, 25),
(434, 'Militaire ', 'Un militaire est un membre des forces armées « régulières », c\'est-à-dire instituée officiellement au sein d\'un État. ', 'imagenotfound.png', '2019-07-13', 1, 25),
(435, 'Policier ', 'Un policier (ou une policière) est une personne travaillant dans la police. Il assure la protection de la population et veille à la détection et à la prévention du crime, et accomplit diverses tâches pour le respect de la loi et le maintien de l’ordre public. ', 'imagenotfound.png', '2019-07-13', 1, 25),
(436, 'Sapeur-Pompier', '', 'imagenotfound.png', '2019-07-13', 1, 25),
(437, 'Statisticien ', '', 'imagenotfound.png', '2019-07-20', 1, 31),
(438, 'Sismologue ', '', 'imagenotfound.png', '2019-07-20', 1, 31),
(439, 'Raffineur ', '', 'imagenotfound.png', '2019-07-20', 1, 31),
(440, 'Physicien ', 'Un physicien est une personne qui connaît la physique quantique et qui, à travers ses calculs, recherche de nouvelles choses dans le domaine de la science. ', 'imagenotfound.png', '2019-07-20', 1, 31),
(441, 'Météorologue ', '', 'imagenotfound.png', '2019-07-20', 1, 31),
(442, 'Mathématicien ', 'Un mathématicien est une professionnel qui s\'occupe d\'agrandir nos connaissances mathématiques. ', 'imagenotfound.png', '2019-07-20', 1, 31),
(443, 'Glaciologue ', '', 'imagenotfound.png', '2019-07-20', 1, 31),
(444, 'Géologue ', '', 'imagenotfound.png', '2019-07-20', 1, 31),
(445, 'Explorateur ', 'Un explorateur, ou une exploratrice, est une personne qui voyage à travers le monde pour découvrir une terre, une mer et parfois un lieu inconnu. ', 'imagenotfound.png', '2019-07-20', 1, 31),
(446, 'Exobiologiste ', '', 'imagenotfound.png', '2019-07-20', 1, 31),
(447, 'Cryptologue ', '', 'imagenotfound.png', '2019-07-20', 1, 31),
(448, 'Biomathématicien ', '', 'imagenotfound.png', '2019-07-20', 1, 31),
(449, 'Biophysicien ', '', 'imagenotfound.png', '2019-07-20', 1, 31),
(450, 'Biochimiste ', '', 'imagenotfound.png', '2019-07-20', 1, 31),
(451, 'Biologiste ', 'Un biologiste est un scientifique qui étudie la vie des êtres vivants. Ce terme est aussi utilisé pour définir un chercheur en biologie.', 'imagenotfound.png', '2019-07-20', 1, 31),
(452, 'Botaniste ', 'Un botaniste est une personne qui s’occupe des plantes. Un botaniste peut aussi étudier les plantes, trouver leurs cousines, etc.', 'imagenotfound.png', '2019-07-20', 1, 31),
(453, 'Astrophysicien ', 'Un astrophysicien est un professionnel qui essaye de détermine les Propriétés des objets de l\'univers (comme par exemple leur Luminosité, leur Densité, leur Température et leur Composition). ', 'imagenotfound.png', '2019-07-20', 1, 31),
(454, 'Astronome ', 'Un astronome est un spécialiste des astres\r\n', 'imagenotfound.png', '2019-07-20', 1, 31),
(456, 'Démographe ', '', 'imagenotfound.png', '2019-07-20', 1, 24),
(458, 'Historien ', '', 'imagenotfound.png', '2019-07-20', 1, 24),
(461, 'Urbaniste ', '', 'imagenotfound.png', '2019-07-20', 1, 24),
(462, 'Généticien', '', 'imagenotfound.png', '2019-07-20', 1, 31),
(463, 'Radiopharmacien', '', 'imagenotfound.png', '2019-07-20', 1, 31),
(464, 'Bio-informaticien', '', 'imagenotfound.png', '2019-07-20', 1, 31),
(465, 'Mécanicien des fluides', '', 'imagenotfound.png', '2019-07-20', 1, 31),
(466, 'Chercheur en nanosciences', '', 'imagenotfound.png', '2019-07-20', 1, 31),
(467, 'Physicien des plasmas', '', 'imagenotfound.png', '2019-07-20', 1, 31),
(468, 'Physico-chimiste', '', 'imagenotfound.png', '2019-07-20', 1, 31),
(469, 'Thermodynamicien', '', 'imagenotfound.png', '2019-07-20', 1, 31),
(470, 'Opticien laseriste', '', 'imagenotfound.png', '2019-07-20', 1, 31),
(471, 'Neutronicien', '', 'imagenotfound.png', '2019-07-20', 1, 31),
(472, 'Physicien de la matière condensée ', '', 'imagenotfound.png', '2019-07-20', 1, 31),
(473, 'Radiochimiste', '', 'imagenotfound.png', '2019-07-20', 1, 31),
(474, 'Chimiste analytique', '', 'imagenotfound.png', '2019-07-20', 1, 31),
(475, 'Chimie verte', '', 'imagenotfound.png', '2019-07-20', 1, 31),
(476, 'Ingénieur en simulation numérique', '', 'imagenotfound.png', '2019-07-20', 1, 31),
(477, 'Modélisateur', '', 'imagenotfound.png', '2019-07-20', 1, 31),
(478, 'Ingénieur électronicien', '', 'imagenotfound.png', '2019-07-20', 1, 31),
(479, 'Spécialiste du traitement du signal', '', 'imagenotfound.png', '2019-07-20', 1, 31),
(480, 'Concepteur de capteurs', '', 'imagenotfound.png', '2019-07-20', 1, 31),
(481, 'Mécatronicien', '', 'imagenotfound.png', '2019-07-20', 1, 31),
(482, 'Technicien salle blanche', '', 'imagenotfound.png', '2019-07-20', 1, 31),
(483, 'Expérimentateur en réacteur', '', 'imagenotfound.png', '2019-07-20', 1, 31),
(484, 'Spécialiste des batteries & piles à combustible', '', 'imagenotfound.png', '2019-07-20', 1, 31),
(485, 'Ingénieur en solaire photovoltaïque', '', 'imagenotfound.png', '2019-07-20', 1, 31),
(486, 'Radioprotectionniste', '', 'imagenotfound.png', '2019-07-20', 1, 31),
(487, 'Politologue', '', 'imagenotfound.png', '2019-07-20', 1, 30),
(488, 'Communicateur Social', '', 'imagenotfound.png', '2019-07-20', 1, 24),
(489, 'Travailleur Social', '', 'imagenotfound.png', '2019-07-20', 1, 24),
(493, 'Cartographe ', '', 'imagenotfound.png', '2019-07-20', 1, 24),
(494, 'Géomaticien ', '', 'imagenotfound.png', '2019-07-20', 1, 24),
(495, 'Océanographe ', '', 'imagenotfound.png', '2019-07-20', 1, 24),
(496, 'Scripte', 'Le ou la scripte est responsable de la tenue des documents et de la continuité de la réalisation ', 'imagenotfound.png', '2019-07-20', 1, 22),
(497, 'Scénariste ', 'Un scénariste est la personne qui écrit le scénario d\'un livre, d\'un film, d\'une pièce de théatre.', 'imagenotfound.png', '2019-07-20', 1, 22),
(498, 'Réalisateur ', 'Un réalisateur ou une réalisatrice est une personne qui dirige la fabrication d\'une œuvre audiovisuelle, généralement pour le cinéma ou la télévision mais aussi pour la radio.', 'imagenotfound.png', '2019-07-20', 1, 22),
(499, 'Projectionniste ', '', 'imagenotfound.png', '2019-07-20', 1, 22),
(501, 'Monteur ', '', 'imagenotfound.png', '2019-07-22', 1, 22),
(502, 'Ingénieur du son ', '', 'imagenotfound.png', '2019-07-20', 1, 22),
(503, 'Infographiste ', '', 'imagenotfound.png', '2019-07-20', 1, 22),
(504, 'Éclairagiste ', '', 'imagenotfound.png', '2019-07-20', 1, 22),
(505, 'Dialoguiste', '', 'imagenotfound.png', '2019-07-20', 1, 22),
(506, 'Cadreur ', '', 'imagenotfound.png', '2019-07-20', 1, 22),
(507, 'Bruiteur', '', 'imagenotfound.png', '2019-07-20', 1, 22),
(508, 'Acteur ', '', 'imagenotfound.png', '2019-07-20', 1, 22),
(509, 'Accessoiriste ', '', 'imagenotfound.png', '2019-07-20', 1, 22),
(510, 'Maquilleur ', 'Personne spécialisée dans l\'application de crèmes, fards, etc., pour les acteurs au théâtre, au cinéma, à la télévision', 'imagenotfound.png', '2019-07-20', 1, 22),
(511, 'Cascadeur', '', 'imagenotfound.png', '2019-07-20', 1, 22),
(512, 'machiniste', '', 'imagenotfound.png', '2019-07-20', 1, 22),
(513, 'Costumier', 'le costumier ou la costumière1 est chargé des costumes, que ce soit pour un tournage cinématographique ou une représentation théâtrale ou lyrique. ', 'imagenotfound.png', '2019-07-20', 1, 22),
(514, 'Distributeur Audiovisuel', '', 'imagenotfound.png', '2019-07-20', 1, 22),
(515, 'Éditeur DVD ou VOD', '', 'imagenotfound.png', '2019-07-20', 1, 22),
(516, 'Étalonneur', '', 'imagenotfound.png', '2019-07-20', 1, 22),
(517, 'Exploitant de salle de cinéma', '', 'imagenotfound.png', '2019-07-20', 1, 22),
(518, 'Figurant', '', 'imagenotfound.png', '2019-07-20', 1, 22),
(519, 'Groupman', '', 'imagenotfound.png', '2019-07-20', 1, 22),
(520, 'Habilleuse', '', 'imagenotfound.png', '2019-07-20', 1, 22),
(521, 'Ingénieur de la vision ', '', 'imagenotfound.png', '2019-07-20', 1, 22),
(522, 'Mixeur', '', 'imagenotfound.png', '2019-07-20', 1, 22),
(523, 'Opérateur Steadicam ', '', 'imagenotfound.png', '2019-07-20', 1, 22),
(524, 'Perchman', '', 'imagenotfound.png', '2019-07-20', 1, 22),
(525, 'Photographe de plateau', '', 'imagenotfound.png', '2019-07-20', 1, 22),
(526, 'Régisseur', '', 'imagenotfound.png', '2019-07-20', 1, 22),
(527, 'Truqueur', '', 'imagenotfound.png', '2019-07-20', 1, 22),
(528, 'Ventouseur', '', 'imagenotfound.png', '2019-07-20', 1, 22),
(529, 'Canalisateur', '', 'imagenotfound.png', '2019-07-21', 1, 15),
(530, 'Ingénieur hydraulicien', '', 'imagenotfound.png', '2019-07-21', 1, 15),
(531, 'Hydrobiologiste', '', 'imagenotfound.png', '2019-07-21', 1, 15),
(532, 'Hydrogéologue', '', 'imagenotfound.png', '2019-07-21', 1, 15),
(533, 'Bûcheron', '', 'imagenotfound.png', '2019-07-21', 1, 15),
(534, 'Garde-forestier', '', 'imagenotfound.png', '2019-07-21', 1, 15),
(535, 'Technicien forestier', '', 'imagenotfound.png', '2019-07-21', 1, 15),
(536, 'Ingénieur forestier', '', 'imagenotfound.png', '2019-07-21', 1, 15),
(537, 'Architecte-paysagiste ', '', 'imagenotfound.png', '2019-07-21', 1, 15),
(538, 'Animateur nature', '', 'imagenotfound.png', '2019-07-21', 1, 15),
(539, 'Garde du littoral', '', 'imagenotfound.png', '2019-07-21', 1, 15),
(540, ' Gestionnaire des espaces naturels', '', 'imagenotfound.png', '2019-07-21', 1, 15),
(541, 'Garde-pêche', '', 'imagenotfound.png', '2019-07-21', 1, 15),
(542, 'Garde-rivière', '', 'imagenotfound.png', '2019-07-21', 1, 15),
(544, 'Technicien cynégétique', '', 'imagenotfound.png', '2019-07-21', 1, 15),
(545, 'Technicien de rivière', '', 'imagenotfound.png', '2019-07-21', 1, 15),
(546, 'Ingénieur écologue', '', 'imagenotfound.png', '2019-07-21', 1, 15),
(547, 'Thermicien', '', 'imagenotfound.png', '2019-07-21', 1, 15),
(548, 'Maître-composteur', '', 'imagenotfound.png', '2019-07-21', 1, 15),
(549, 'Ecotoxicologue', '', 'imagenotfound.png', '2019-07-21', 1, 15),
(550, 'Imam', '\r\n\r\n  un imam est une personne qui dirige la prière en commun et qui a une grande connaissance des rites de l’Islam »…\r\n', 'imagenotfound.png', '2019-07-21', 1, 32),
(551, 'Théologien', '', 'imagenotfound.png', '2019-07-21', 1, 32),
(552, 'Prêtre', '', 'imagenotfound.png', '2019-07-21', 1, 32),
(553, 'Diacre', '', 'imagenotfound.png', '2019-07-21', 1, 32),
(554, 'Abbé ', '', 'imagenotfound.png', '2019-08-12', 1, 32),
(555, 'Nonne', 'Une femme membre d\'une communauté religieuse féminine, devant généralement obéir aux vœux de pauvreté, chasteté et obéissance.', 'imagenotfound.png', '2019-07-22', 1, 32),
(556, 'Pasteur', '', 'imagenotfound.png', '2019-07-21', 1, 32),
(557, 'Houngan ', '', 'imagenotfound.png', '2019-08-12', 1, 32),
(558, 'Evangéliste ', '', 'imagenotfound.png', '2019-07-21', 1, 32),
(559, 'Aumônier', '', 'imagenotfound.png', '2019-07-22', 1, 32),
(561, 'Dramaturge', '', 'imagenotfound.png', '2019-07-22', 1, 12),
(562, 'Philosophe', '', 'imagenotfound.png', '2019-07-22', 1, 24),
(564, 'Gestionnaire en Organisation ', '', 'imagenotfound.png', '2019-07-22', 1, 14),
(565, 'Educateur spécialisé', '', 'imagenotfound.png', '2019-07-22', 1, 13),
(566, 'Arbitre', '', 'imagenotfound.png', '2019-07-22', 1, 27),
(567, 'Moniteur Sportif', '', 'imagenotfound.png', '2019-07-22', 1, 27),
(568, 'Kinésithérapeute', 'Le kinésithérapeute travaille dans le but de renforcer les muscles, améliorer la mobilité et d\'autres fonctions physiques. ', 'imagenotfound.png', '2019-07-22', 1, 27),
(569, 'Masseur', 'Professionnel qui utilise les mains sur différentes parties du corps (pétrissage, pressions, vibrations, etc.)  dans un dessein thérapeutique.', 'imagenotfound.png', '2019-07-22', 1, 27),
(570, 'Maitre nageur', '', 'imagenotfound.png', '2019-07-22', 1, 27),
(571, 'Personal Trainer', '', 'imagenotfound.png', '2019-07-22', 1, 27),
(573, 'Accompagnateur de voyage', '', 'imagenotfound.png', '2019-07-22', 1, 28),
(574, 'Animateur touristique', '', 'imagenotfound.png', '2019-07-22', 1, 28),
(575, 'Agent d\'accueil touristique', '', 'imagenotfound.png', '2019-07-22', 1, 28),
(576, 'Agent de réservation', '', 'imagenotfound.png', '2019-07-22', 1, 28),
(577, 'Consultant en ingénierie touristique et culturelle', '', 'imagenotfound.png', '2019-07-22', 1, 28),
(578, 'Femme de chambre', '', 'imagenotfound.png', '2019-07-22', 1, 28),
(579, 'Forfaitiste', '', 'imagenotfound.png', '2019-07-22', 1, 28),
(580, 'Guide-interprète', '', 'imagenotfound.png', '2019-07-22', 1, 28),
(581, 'Gouvernante', '', 'imagenotfound.png', '2019-07-22', 1, 28),
(582, 'Aiguilleur', '', 'imagenotfound.png', '2019-07-22', 1, 29),
(583, 'Armateur', ' Un armateur est une personne chargée de la construction et de l\'équipement d\'un bateau (moteur, gouvernail...). ', 'imagenotfound.png', '2019-07-22', 1, 29),
(584, 'Marin', 'Personne dont la profession est de naviguer.', 'imagenotfound.png', '2019-07-22', 1, 29),
(585, 'Camionneur', '', 'imagenotfound.png', '2019-07-22', 1, 29),
(586, 'Capitaine de navire', '', 'imagenotfound.png', '2019-07-22', 1, 29),
(587, 'Cariste', '', 'imagenotfound.png', '2019-07-22', 1, 29),
(588, 'Chauffeur de bus', '', 'imagenotfound.png', '2019-07-22', 1, 29),
(589, 'Chauffeur de poids-lourd', '', 'imagenotfound.png', '2019-07-22', 1, 29),
(590, 'Conducteur de train', '', 'imagenotfound.png', '2019-07-22', 1, 29),
(591, 'Éclusier', '', 'imagenotfound.png', '2019-07-22', 1, 29),
(592, 'Mécanicien', '', 'imagenotfound.png', '2019-07-22', 1, 29),
(593, 'Moniteur d\'auto-école', '', 'imagenotfound.png', '2019-07-22', 1, 29),
(594, 'Pompiste', '', 'imagenotfound.png', '2019-07-22', 1, 29),
(595, 'Transporteur', '', 'imagenotfound.png', '2019-07-22', 1, 29),
(596, 'Disc Jockey (DJ) ', 'Un DJ est un animateur qui sélectionne, diffuse et mixe de la musique à destination d\'un public, que ce soit pour une émission radiophonique, dans une discothèque ou à l\'occasion d\'un événement spécifique', 'imagenotfound.png', '2019-07-22', 1, 33),
(597, 'Conteur', 'Un conteur (ou une conteuse) est une personne qui raconte oralement une histoire avec comme outils, ses connaissances, son imagination et ses talents d\'improvisation. ', 'imagenotfound.png', '2019-07-22', 1, 33),
(598, 'Professeur de danse ', '', 'imagenotfound.png', '2019-07-22', 1, 33),
(599, 'Professeur d\'art dramatique ', '', 'imagenotfound.png', '2019-07-22', 1, 33),
(601, 'Mime ', '', 'imagenotfound.png', '2019-07-22', 1, 33),
(602, 'Metteur en scène ', '', 'imagenotfound.png', '2019-07-22', 1, 33),
(603, 'Jongleur ', '', 'imagenotfound.png', '2019-07-22', 1, 33),
(604, 'Imitateur ', '', 'imagenotfound.png', '2019-07-22', 1, 33),
(605, 'Humoriste ', '', 'imagenotfound.png', '2019-07-22', 1, 33),
(606, 'Danseur ', '', 'imagenotfound.png', '2019-07-22', 1, 33),
(607, 'Auteur-Compositeur', '', 'imagenotfound.png', '2019-07-22', 1, 33),
(608, 'Comédien ', '', 'imagenotfound.png', '2019-07-22', 1, 33),
(609, 'Clown ', '', 'imagenotfound.png', '2019-07-22', 1, 33),
(610, 'Maitre de Cérémonie  (MC)', '', 'imagenotfound.png', '2019-08-21', 1, 33),
(611, 'Acrobate ', '', 'imagenotfound.png', '2019-07-22', 1, 33),
(612, 'Voilier ', 'Ouvrier qui fait ou répare des voiles.\r\n', 'imagenotfound.png', '2019-07-22', 1, 29),
(613, 'Facteur d\'instrument ', 'Le facteur d\'instruments est un professionnel qui fabrique et entretient les instruments de musique\r\n', 'imagenotfound.png', '2019-07-22', 1, 33),
(614, 'Chanteur ', '', 'imagenotfound.png', '2019-08-12', 1, 33),
(615, 'Arrangeur', '', 'imagenotfound.png', '2019-07-22', 1, 33),
(616, 'Beatmaker', 'Un beatmaker est un professionnel qui compose des rythmes, (des « beats », dans le domaine du hip-hop', 'imagenotfound.png', '2019-07-22', 1, 33),
(617, 'Sequencer', '', 'imagenotfound.png', '2019-07-22', 1, 33),
(618, 'Producteur de spectacles', '', 'imagenotfound.png', '2019-07-22', 1, 33),
(619, 'Parolier ', '', 'imagenotfound.png', '2019-07-22', 1, 33),
(620, 'Magicien', '', 'imagenotfound.png', '2019-08-21', 1, 33),
(621, 'Acrobate ', '', 'imagenotfound.png', '2019-07-22', 1, 33),
(622, 'Accordeur ', 'En musique, l\'accordeur est celui qui accorde les pianos. ', 'imagenotfound.png', '2019-07-22', 1, 33),
(623, 'Bibliothécaire ', '', 'imagenotfound.png', '2019-07-22', 1, 12),
(624, 'Chef d\'orchestre', 'Résultats de recherche d\'images pour « chef d\'orchestre »\r\nUn chef d\'orchestre est un musicien chargé de coordonner le jeu des instrumentistes des orchestres symphoniques, de jazz, d\'harmonie, de bagad ou de fanfare.', 'imagenotfound.png', '2019-07-22', 1, 33),
(625, 'Media Manager', 'Spécialiste des médias sociaux, le media manager accompagne une entreprise ou institution dans sa stratégie  de communication sur les médias sociaux.', 'imagenotfound.png', '2019-07-22', 1, 22),
(626, 'Banjoïste‎', '', 'imagenotfound.png', '2019-07-22', 1, 33),
(627, '  Accordéoniste‎', '', 'imagenotfound.png', '2019-07-22', 1, 33),
(628, 'Bassiste', '', 'imagenotfound.png', '2019-07-22', 1, 33),
(629, 'Batteur‎', '', 'imagenotfound.png', '2019-07-22', 1, 33),
(630, 'Clarinettiste‎', '', 'imagenotfound.png', '2019-07-22', 1, 33),
(631, 'Contrebassiste‎', '', 'imagenotfound.png', '2019-07-22', 1, 33),
(632, 'Cornettiste', '', 'imagenotfound.png', '2019-07-22', 1, 33),
(634, 'Flûtiste', '', 'imagenotfound.png', '2019-07-22', 1, 33),
(635, 'Guitariste‎', '', 'imagenotfound.png', '2019-07-22', 1, 33),
(636, 'Harmoniciste', '', 'imagenotfound.png', '2019-07-22', 1, 33),
(637, 'Keyboardist', '', 'imagenotfound.png', '2019-07-22', 1, 33),
(638, 'Percussionniste ', '', 'imagenotfound.png', '2019-07-22', 1, 33),
(639, 'Pianiste', '', 'imagenotfound.png', '2019-07-22', 1, 33),
(640, 'Saxophoniste‎ ', '', 'imagenotfound.png', '2019-07-22', 1, 33),
(641, 'Tromboniste‎', '', 'imagenotfound.png', '2019-07-22', 1, 33),
(642, 'Trompettiste‎', '', 'imagenotfound.png', '2019-07-22', 1, 33),
(643, 'Violoncelliste‎', '', 'imagenotfound.png', '2019-07-22', 1, 33),
(644, 'Violoniste', '', 'imagenotfound.png', '2019-07-22', 1, 33),
(645, 'Assistant juridique', 'C\'est un ou une secrétaire spécialisé(e), exerçant dans les cabinets d\'avocats, dans les études de notaires, d\'huissiers, ou les services juridiques des entreprises. ', 'imagenotfound.png', '2019-07-22', 1, 11),
(646, 'Encanteur', 'Personne qui vend aux enchères des meubles, des objets d\'art et toutes sortes d\'autres articles. ', 'imagenotfound.png', '2019-07-22', 1, 10),
(647, 'Footballeur / Footballeuse', '', 'imagenotfound.png', '2019-07-22', 1, 27),
(648, 'Basketteur / Basketteuse', '', 'imagenotfound.png', '2019-07-22', 1, 27),
(649, 'Tennisman /woman', '', 'imagenotfound.png', '2019-07-22', 1, 27),
(650, 'Boxeur / Boxeuse', '', 'imagenotfound.png', '2019-07-22', 1, 27),
(651, 'Nageur / Nageuse', '', 'imagenotfound.png', '2019-07-22', 1, 27),
(652, 'Karateka', '', 'imagenotfound.png', '2019-07-22', 1, 27),
(653, 'Judoka', '', 'imagenotfound.png', '2019-07-22', 1, 27),
(654, 'Cycliste', '', 'imagenotfound.png', '2019-07-22', 1, 27),
(655, 'Coureur (Sprint, Marathon)', '', 'imagenotfound.png', '2019-07-22', 1, 27),
(656, 'Automobiliste', '', 'imagenotfound.png', '2019-07-22', 1, 27),
(657, 'Bodybuildeur', '', 'imagenotfound.png', '2019-07-22', 1, 27),
(658, 'Gymnaste', '', 'imagenotfound.png', '2019-07-22', 1, 27),
(659, 'Motocycliste', '', 'imagenotfound.png', '2019-07-22', 1, 27),
(660, 'Tennisman /woman de table', '', 'imagenotfound.png', '2019-07-22', 1, 27),
(661, 'Volleyeur / Volleyeuse', '', 'imagenotfound.png', '2019-07-22', 1, 27),
(662, 'Haltérophile', '', 'imagenotfound.png', '2019-07-22', 1, 27),
(663, 'Mannequin', '', 'imagenotfound.png', '2019-07-22', 1, 33),
(664, 'Présentateur (trice) de télé', '', 'imagenotfound.png', '2019-07-22', 1, 22),
(665, 'Animateur / Animatrice (radio, télé)', '', 'imagenotfound.png', '2019-07-22', 1, 22),
(666, 'Professeur de chant', '', 'imagenotfound.png', '2019-07-22', 1, 33),
(667, 'Musicologue ', 'Le musicologue est un expert dont les connaissances et le talent assurent la diffusion et la conservation de la culture musicale.', 'imagenotfound.png', '2019-07-23', 1, 33),
(668, 'Rappeur', '', 'imagenotfound.png', '2019-08-12', 1, 33),
(669, 'Neurologue', '', 'imagenotfound.png', '2019-07-25', 1, 23),
(670, 'Investisseur', 'Un investisseur est une personne qui alloue une part de capital disponible dans l\'attente d\'un retour sur investissement.', 'imagenotfound.png', '2019-08-10', 1, 14),
(671, 'Manbo', '', 'imagenotfound.png', '2019-08-12', 1, 32),
(678, 'dd', 'aZAXCFVGBTHYJIKOLLKIJUHYGFDSAQSDWTGY5HU6I', '', '2020-05-01', 1, 33),
(679, 'SWDEFGTYHUJIKO8', 'ZAXCSVGBHTNJMKLP;', '', '2020-05-01', 1, 33),
(680, 'zxc', 'xcfvgbhyjukop;', '05-01-26884imah.jpg', '2020-05-01', 1, 33),
(681, 'zxc', 'xcfvgbhyjukop;', '', '2020-05-01', 1, 33),
(682, 'qz7o9', 'azqsdefgtyujio9p', '05-01-77693imah.jpg', '2020-05-01', 1, 33),
(683, 'qedrtg5yu7o9', 'azqsdefgtyujio9p', '05-01-5545imah.jpg', '2020-05-01', 1, 33),
(684, 'qedrtg5yu7o9', 'azqsdefgtyujio9p', '', '2020-05-01', 1, 33),
(685, 'zxxczzzzzzzzz', 'sdfrgthj7ik8ol9plokiujyhtgrfsdfrgthj7ik8ol9plokiujyhtgrfsdfrgthj7ik8ol9plokiujyhtgrf', '05-01-26272imah.jpg', '2020-05-01', 1, 33),
(686, 'zxxczzzzzzzzz', 'sdfrgthj7ik8ol9plokiujyhtgrfsdfrgthj7ik8ol9plokiujyhtgrfsdfrgthj7ik8ol9plokiujyhtgrf', '05-01-26272imah.jpg', '2020-05-01', 1, 33),
(687, 'zxxczzzzzzzzz', 'sdfrgthj7ik8ol9plokiujyhtgrfsdfrgthj7ik8ol9plokiujyhtgrfsdfrgthj7ik8ol9plokiujyhtgrf', '05-01-30071imah.jpg', '2020-05-01', 1, 33),
(688, 'zxxczzzzzzzzz', 'sdfrgthj7ik8ol9plokiujyhtgrfsdfrgthj7ik8ol9plokiujyhtgrfsdfrgthj7ik8ol9plokiujyhtgrf', '05-01-55959imah.jpg', '2020-05-01', 1, 33),
(689, 'from without s', 'wothout s controller is called', '05-01-38498Screenshot from 2020-04-06 16-18-16.png', '2020-05-01', 1, 33),
(690, 'addind from metiers page', 'axcdvbhtyjmukilk,umjnhgfvcsxzaxcvgbthyjmukujyntgrvfdx', '05-01-62294Screenshot from 2020-04-06 16-18-16.png', '2020-05-01', 1, 33);

-- --------------------------------------------------------

--
-- Table structure for table `photo_pro`
--

CREATE TABLE `photo_pro` (
  `id` int(11) NOT NULL,
  `path_photo` varchar(100) NOT NULL,
  `id_user_pro` int(11) NOT NULL
) ENGINE=InnoDB DEFAULT CHARSET=utf8;

--
-- Dumping data for table `photo_pro`
--

INSERT INTO `photo_pro` (`id`, `path_photo`, `id_user_pro`) VALUES
(34, '07-29-73259Coffin-Bay-Tourism-Destination-Website-5.jpg', 1),
(35, '07-29-1415613-hp-spectre-2017.jpg', 1),
(61, '08-12-31526received_453643495141774.jpeg', 1),
(62, '07-29-73259Coffin-Bay-Tourism-Destination-Website-5.jpg', 1);

-- --------------------------------------------------------

--
-- Table structure for table `secteur`
--

CREATE TABLE `secteur` (
  `id_secteur` int(11) NOT NULL,
  `nom_secteur` varchar(150) CHARACTER SET latin1 NOT NULL,
  `description` text CHARACTER SET latin1,
  `date_creation` date DEFAULT NULL,
  `statut` int(11) NOT NULL
) ENGINE=InnoDB DEFAULT CHARSET=utf8;

--
-- Dumping data for table `secteur`
--

INSERT INTO `secteur` (`id_secteur`, `nom_secteur`, `description`, `date_creation`, `statut`) VALUES
(4, 'Aéronautique', 'Science de la navigation aérienne et de la technique des avions et des engins aériens.', '2019-07-09', 1),
(5, 'Restauration', 'Ensemble concernant l\'administration des restaurants .                                        ', '2019-08-25', 1),
(6, 'Agriculture ', 'Ensemble des techniques et savoir-faire mis en oeuvre par l\'homme dans son milieu naturel ', '2019-07-09', 1),
(7, 'Art & Artisanat ', 'Mode d\'expression faisant apel à límagination et à la creativité et capacité à produire, fabriquer, réparer et entretenir des choses – manuellement ou non, mécaniquement ou non.                                                                                 ', '2019-07-12', 1),
(9, 'Bâtiment', 'Un bâtiment est une construction réalisée par des humains. Il peut s\'agir d\'un logement, d\'une entreprise, d\'un édifice religieux, etc. ', '2019-07-09', 1),
(10, 'Commerce ', 'Le commerce est l\'échange de biens (ex: objets, meubles chez le menuisier) et de services (ex: coiffeur) souvent contre de l\'argent. ', '2019-07-09', 1),
(11, 'Droit', 'Secteur regroupant les professionnels qui s\'occupent de \"l\'ensemble des règles qui régissent la conduite de l\'homme en société, les rapports sociaux\"', '2019-07-09', 1),
(12, 'Éditions', 'L\'édition consiste à présenter, reproduire  en grande quantité, sur support matériel, d\'écrits et d\'illustrations, cela afin d\'en permettre une distribution de masse.                                                                                                                                                                                                        ', '2019-08-25', 1),
(13, 'Enseignement ', 'Secteur qui s\'occupe de la transformation et de l\'émancipation des individus dans un contexte culturel spécifique.                                                                                                                        ', '2019-08-25', 1),
(14, 'Entreprise', 'Gestion des biens et des services en fonction des règles prédéfinies                                                                                ', '2019-08-10', 1),
(15, 'Environnement', 'Ensemble des activités qui permettent de conserver en bon état de marche certains éléments de diverses catégories                                        ', '2019-07-21', 1),
(16, 'Finance', 'Le secteur financier regroupe les différentes activités des établissements de crédit,', '2019-07-09', 1),
(18, 'Industrie', 'Ensemble des activités économiques qui produisent des biens matériels par la transformation et la mise en œuvre de matières premières', '2019-07-09', 1),
(19, 'Informatiques', 'Ensemble des métiers qui sont basés d’un côté sur le matériel (micro ordinateur, serveur. postes fixes, réseaux, portables, équipements au sens large,.. ) et de l\'autre, sur les logiciels, les systèmes d\'exploitation, l\'ingénierie logiciels, les applications personnalisées, aujourd\'hui sur les \"applis\" pour les téléphones mobiles  etc.                                                                                ', '2019-08-10', 1),
(21, 'Marketing ', 'Ensemble des activités visant à mettre en évidence les qualités d\'un produit                                ', '2019-07-20', 1),
(22, 'Média et Cinema', 'Ensemble des moyens et des capacités visant à communiquer un message                                         ', '2019-07-20', 1),
(23, 'Santé', 'Ensemble d’activité s’occupant du bon fonctionnement du corps humain ', '2019-07-10', 1),
(24, 'Sces Humaines ', '     Ensemble d’activités qui s’intéressent à l’approfondissement des connaissances et du fonctionnement de l\'homme en société                                                                                                                                                            ', '2019-08-25', 1),
(25, 'Sécurité', 'Protection des vies et des biens                      ', '2019-07-10', 1),
(27, 'Sport', 'Ensemble d\'activtés liés aux exercices physiques se pratiquant sous forme de jeux individuels ou collectifs pouvant donner lieu à des compétitions.                                        ', '2019-07-10', 1),
(28, 'Tourisme', 'Ensemble d’activités qui encouragent, planifient et organisent des voyages et séjours pour des individus ou groupes dans des endroits différents de leurs milieux habituels                                        ', '2019-07-10', 1),
(29, 'Logistiques', 'Ensemble d’activités s’occupant de la gestion et du déplacement de tout type de matériels                                                                                                                         ', '2019-08-25', 1),
(30, 'Politique', 'Ensemble d\'activités relatives aux affaires publiques', '2019-07-12', 1),
(31, 'Sces Fondamentales', ' Ensemble d’activités qui s’intéressent à l’approfondissement des connaissances numériques et moléculaires                                                                      ', '2019-08-25', 1),
(32, 'Religion', 'Système de pratiques et de croyances en usage dans un groupe ou une communauté                                  ', '2019-07-22', 1),
(33, 'Musique / Scène', '                                                                                ', '2019-07-22', 1);

-- --------------------------------------------------------

--
-- Table structure for table `slide`
--

CREATE TABLE `slide` (
  `id_slide` int(11) NOT NULL,
  `description` varchar(250) NOT NULL,
  `path_slide` varchar(200) NOT NULL,
  `date_enregistrement` date NOT NULL,
  `id_user` int(11) NOT NULL,
  `statut` int(11) NOT NULL
) ENGINE=MyISAM DEFAULT CHARSET=latin1;

-- --------------------------------------------------------

--
-- Table structure for table `tokenActivation`
--

CREATE TABLE `tokenActivation` (
  `id` int(11) NOT NULL,
  `email` varchar(100) NOT NULL,
  `token` varchar(150) NOT NULL
) ENGINE=InnoDB DEFAULT CHARSET=utf8;

--
-- Dumping data for table `tokenActivation`
--

INSERT INTO `tokenActivation` (`id`, `email`, `token`) VALUES
(5, 'rui.joseph@gmail.com', 'd4cacb376dafe348e14f3b63c404bac7f0bc6224'),
(15, 'hulalaradio@gmail.com', '86ef4c6b075f6fea36b3ad5619c4914bdd623b77'),
(16, 'hulalar333adio@gmail.com', '86ef4c6b075f6fea36b3ad5619c4914bdd623b77'),
(18, 'hulalar333adio@gmail.com', '86ef4c6b075f6fea36b3ad5619c4914bdd623b77');

-- --------------------------------------------------------

--
-- Table structure for table `user`
--

CREATE TABLE `user` (
  `id` int(11) NOT NULL,
  `email` varchar(150) NOT NULL,
  `photo` varchar(50) DEFAULT NULL,
  `password` varchar(100) NOT NULL,
  `statut` int(11) NOT NULL
) ENGINE=InnoDB DEFAULT CHARSET=utf8;

--
-- Dumping data for table `user`
--

INSERT INTO `user` (`id`, `email`, `photo`, `password`, `statut`) VALUES
(1, 'haitianpro@admin', 'avatar.jpeg', '7c4a8d09ca3762af61e59520943dc26494f8941b', 1);

-- --------------------------------------------------------

--
-- Table structure for table `user_pro`
--

CREATE TABLE `user_pro` (
  `id_user_pro` int(11) NOT NULL,
  `nom` varchar(100) CHARACTER SET latin1 DEFAULT NULL,
  `prenom` varchar(100) CHARACTER SET latin1 DEFAULT NULL,
  `niveauEtude` varchar(40) CHARACTER SET latin1 DEFAULT NULL,
  `experience` varchar(50) DEFAULT NULL,
  `langues` varchar(60) CHARACTER SET latin1 DEFAULT NULL,
  `telephone` varchar(20) DEFAULT NULL,
  `email` varchar(100) DEFAULT NULL,
  `password` varchar(100) DEFAULT NULL,
  `photoProfil` varchar(100) DEFAULT NULL,
  `id_metier` int(11) DEFAULT NULL,
  `ville` varchar(80) CHARACTER SET latin1 DEFAULT NULL,
  `pays` varchar(80) CHARACTER SET latin1 DEFAULT NULL,
  `statut` int(11) DEFAULT NULL,
  `date_creation` date DEFAULT NULL,
  `specification` text CHARACTER SET latin1,
  `public_tel` int(11) DEFAULT NULL,
  `public_mail` int(11) DEFAULT NULL
) ENGINE=InnoDB DEFAULT CHARSET=utf8;

--
-- Dumping data for table `user_pro`
--

INSERT INTO `user_pro` (`id_user_pro`, `nom`, `prenom`, `niveauEtude`, `experience`, `langues`, `telephone`, `email`, `password`, `photoProfil`, `id_metier`, `ville`, `pays`, `statut`, `date_creation`, `specification`, `public_tel`, `public_mail`) VALUES
(1, 'Louis', 'Kerbson', 'Licence', 'plus de 5 ans', 'En,Cr', '123456', 'ingkerbson1@gmail.com', '20eabe5d64b0e216796e834f52d61fd0b70332fc', '07-18-64294DSC_0088.jpg', 316, 'Port-au-PRince', 'Haiti', 1, '2019-07-18', '', 0, 0),
(18, 'Blanc', 'Jeff', 'Licence', 'plus de 5 ans', 'En,Cr,Fr', '9543725249', 'blancjeff@haitibroadcasting.net', '341a7f4e7f1d9078e2686c77b1e75960bebf17e2', '08-13-37995About-me-Pic.png', 326, 'Waverly', 'United States', 1, '2019-08-13', '', 1, 1),
(19, 'Joseph', 'Ramond', 'Maitrise', 'Plus de 10 ans', 'En,Cr,Fr,ES', '6106534489', 'rui.joseph@gmail.com', 'aca47590770e6867d764d95489817203df363788', '08-14-36928IMG_155658.jpg', 461, 'Philadelphie', 'Etats Unis', 0, '2019-08-14', '', 1, 1),
(36, 'Pierre', 'Emacly', 'Licence', 'Plus de 10 ans', 'Cr,Fr', '+50934660909', 'emaclyp@elvacgroup.com', 'db3d0adcf7a6e03ffe3cc52cdb0c8b9d8cf6a666', '08-21-5535566769346_10211339011951148_754541868900941824_o.jpg', 316, 'Port-au-Prince', 'Haiti', 1, '2019-08-21', '', 0, 0),
(37, 'CASSEUS', 'Jean-Venel', 'Maitrise', 'Plus de 10 ans', 'En,Cr,Fr', '(+509) 34540501', 'hulalaradio@gmail.com', '4f32cb40686e489ba3034c5ef3b42ab0373600aa', '08-21-14619jvc congres.jpg', 347, 'Port-au-Prince', 'Haiti', 0, '2019-08-21', 'Mwen se yon moun ki kwè nan pran inisyativ swa pou amelyore sa ki la deja, swa pou kreye sa ki nesesè. Nan lojik sa, make pa sou plas pa pou mwen', 0, 0),
(39, 'CASSEUS', 'Jean-Venel', 'Maitrise', 'Plus de 10 ans', 'En,Cr,Fr', '(+509) 34540501', 'casseusjeanvenel@gmail.com', '4f32cb40686e489ba3034c5ef3b42ab0373600aa', '08-21-62404jvc sourire.jpg', 347, 'Port-au-Prince', 'Haiti', 1, '2019-08-21', 'Mwen se yon moun ki kwè nan pran inisyativ swa pou amelyore sa ki la deja, swa pou kreye sa ki nesesè. Nan lojik sa, make pa sou plas pa pou mwen', 0, 0),
(40, 'D\'Haiti', 'Brunel', 'Maitrise', 'Plus de 10 ans', 'En,Cr,Fr', '6788710484', 'palenet@hotmail.com', '7ce0359f12857f2a90c7de465f40a95f01cb5da9', '08-21-60498lanbi.jpg', 312, 'Snellville', 'United States', 1, '2019-08-21', '', 0, 0),
(41, 'HILAIRE', 'Jean Lesly', 'Technique', 'plus de 5 ans', 'En,Cr,Fr', '+50943810973', 'eclotech@gmail.com', '95404c81e291ea6c2fde18f63e05db95187bfca7', '08-22-98812lesly-13juil2018_2.jpg', 625, 'PORT-AU-PRINCE', 'Haiti', 1, '2019-08-22', '', 0, 0),
(42, 'Pétion', 'Clair-François', 'Maitrise', 'Plus de 10 ans', 'En,Cr,Fr', '+50936522663', 'cfpetion@gmail.com', '96f0878719d2d667ecf68687f3b93d29af64ac14', '08-22-36535DSC_0082.jpg', 221, 'Port-au-Prince', 'Haïti', 1, '2019-08-22', '', 1, 1),
(43, 'Chery', 'Samuel', 'Technique', 'Plus de 10 ans', 'En,Cr,Fr', '36386566', 'genie-techms@hotmail.com', 'f0f6a7fd6febb916624d595ab873d7a9e9adcdd5', '08-22-28273WhatsApp Image 2019-08-01 at 2.05.55 PM.jpeg', 311, 'Port-au-Prince', 'Haiti', 1, '2019-08-22', '', 1, 1),
(44, 'Cheerrry', 'Samuell', 'Technique', 'Plus de 10 ans', 'En,Cr,Fr', '36386566', 'genie-techms1@hotmail.com', 'f0f6a7fd6febb916624d595ab873d7a9e9adcdd5', '08-22-28273WhatsApp Image 2019-08-01 at 2.05.55 PM.jpeg', 11, 'Port-au-Prince', 'Haiti', 1, '2019-08-22', '', 1, 1),
(47, 'dd', 'dd', 'Technique', 'Plus de 10 ans', 'En,Cr,Fr', '36386566', 'nu11@hotmail.com', 'f0f6a7fd6febb916624d595ab873d7a9e9adcdd5', '08-22-28273WhatsApp Image 2019-08-01 at 2.05.55 PM.jpeg', 11, 'Port-au-Prince', 'Haiti', 1, '2019-08-22', '', 1, 1),
(48, 'dd', 'dd', 'Technique', 'Plus de 10 ans', 'En,Cr,Fr', '36386566', 'nu11@hotmail.com', 'f0f6a7fd6febb916624d595ab873d7a9e9adcdd5', '08-22-28273WhatsApp Image 2019-08-01 at 2.05.55 PM.jpeg', 11, 'Port-au-Prince', 'Haiti', 1, '2019-08-22', '', 1, 1),
(49, 'Srivastava', 'Deepti', 'Technique', 'Plus de 10 ans', 'En,En', '09454076698', 'deepti36@gmail.com', '40bd001563085fc35165329ea1ff5c5ecbdbbeef', '04-29-58196Screenshot from 2020-04-06 16-18-16.png', 259, 'Gonda', 'India', 0, '2020-04-29', 'weahdewh', 0, 0),
(50, 'Srivastava', 'Deepti', 'Technique', 'Plus de 10 ans', 'En,En', '09454076698', 'deepti36@gmail.com', '40bd001563085fc35165329ea1ff5c5ecbdbbeef', '04-29-4484Screenshot from 2020-04-06 16-18-16.png', 259, 'Gonda', 'India', 0, '2020-04-29', 'weahdewh', 0, 0),
(51, 'Srivastava', 'Deepti', 'Technique', 'Plus de 10 ans', 'En,En', '09454076698', 'deepti36@gmail.com', '40bd001563085fc35165329ea1ff5c5ecbdbbeef', '04-29-39242Screenshot from 2020-04-06 16-18-16.png', 259, 'Gonda', 'India', 0, '2020-04-29', 'weahdewh', 0, 0),
(52, 'Mario', 'Speedwagon', 'Secondaire', 'Plus de 10 ans', 'En,En', '98765432', 'nu20@yopmail.com', '40bd001563085fc35165329ea1ff5c5ecbdbbeef', '04-29-46418Screenshot from 2020-04-06 16-18-16.png', 11, 'Speedwagon', 'SpeedwagonSpeedwagon', 0, '2020-04-29', 'jtygrtefgrhjkolkjhgfds', 0, 0),
(53, 'new user', '233333', 'Secondaire', 'plus de 5 ans', 'En,En', '34567', 'nu22@yopmail.com', '40bd001563085fc35165329ea1ff5c5ecbdbbeef', '04-29-11902Screenshot from 2020-04-06 16-18-16.png', 69, 'fedsx', 'efds', 0, '2020-04-29', 'qggghjk.ll.k,jmhngbvfdcs', 0, 0),
(54, 'willium', 'wedd', 'Licence', 'plus de 5 ans', 'En', '876543', 'nu23@yopmail.com', '40bd001563085fc35165329ea1ff5c5ecbdbbeef', '04-29-46093Screenshot from 2020-04-09 13-46-09.png', 259, 'dededeede', 'swswd', 0, '2020-04-29', 'ykiulkujnhbgvfcdxsza', 0, 0),
(55, 'willium', 'wedd', 'Licence', 'plus de 5 ans', 'En', '876543', 'nu23@yopmail.com', '40bd001563085fc35165329ea1ff5c5ecbdbbeef', '04-29-22769Screenshot from 2020-04-09 13-46-09.png', 259, 'dededeede', 'swswd', 0, '2020-04-29', 'ykiulkujnhbgvfcdxsza', 0, 0),
(56, 'willium', 'wedd', 'Licence', 'plus de 5 ans', 'En', '876543', 'nu23@yopmail.com', '40bd001563085fc35165329ea1ff5c5ecbdbbeef', '04-29-20121Screenshot from 2020-04-09 13-46-09.png', 259, 'dededeede', 'swswd', 0, '2020-04-29', 'ykiulkujnhbgvfcdxsza', 0, 0),
(57, 'willium', 'wedd', 'Licence', 'plus de 5 ans', 'En', '876543', 'nu23@yopmail.com', '40bd001563085fc35165329ea1ff5c5ecbdbbeef', '04-29-99365Screenshot from 2020-04-09 13-46-09.png', 259, 'dededeede', 'swswd', 0, '2020-04-29', 'ykiulkujnhbgvfcdxsza', 0, 0),
(58, 'willium', 'wedd', 'Licence', 'plus de 5 ans', 'En', '876543', 'nu23@yopmail.com', '40bd001563085fc35165329ea1ff5c5ecbdbbeef', '04-29-21585Screenshot from 2020-04-09 13-46-09.png', 259, 'dededeede', 'swswd', 0, '2020-04-29', 'ykiulkujnhbgvfcdxsza', 0, 0),
(59, 'willium', 'wedd', 'Licence', 'plus de 5 ans', 'En', '876543', 'nu23@yopmail.com', '40bd001563085fc35165329ea1ff5c5ecbdbbeef', '04-29-76645Screenshot from 2020-04-09 13-46-09.png', 259, 'dededeede', 'swswd', 0, '2020-04-29', 'ykiulkujnhbgvfcdxsza', 0, 0),
(60, 'sandy', 'adward', 'Secondaire', 'Plus de 2 ans', 'En,En', '23456789', 'nu24@yopmail.com', '40bd001563085fc35165329ea1ff5c5ecbdbbeef', '04-29-15699Screenshot from 2020-04-08 16-43-01.png', 46, 'villee', 'elle', 0, '2020-04-29', 'rtkuli;o[o;loikujhygtfrdeswa', 0, 0),
(61, 'new ', 'user', 'Secondaire', 'Plus de 2 ans', 'En', '098', 'nu25@yopmail.com', '40bd001563085fc35165329ea1ff5c5ecbdbbeef', '04-30-97898Screenshot from 2020-04-06 16-18-16.png', 11, 'jnjhj', 'jhj', 0, '2020-04-30', 'sncvbjnkml,;./', 0, 0),
(62, 'Srivastava', 'Deepti', 'Secondaire', 'Moins de 2 ans', 'En,Cr,Fr', '888888888', 'nu28@yopmail.com', '40bd001563085fc35165329ea1ff5c5ecbdbbeef', '05-04-86024thumb-1920-82317.jpg', 46, 'Noida', 'India', 1, '2020-04-30', 'edghjkulk,mjnhbgvf', 1, 0),
(63, 'yt1', 'yu', 'Technique', 'Plus de 10 ans', 'En,Cr,Fr', '36386566', 'user1@hotmail.com', 'f0f6a7fd6febb916624d595ab873d7a9e9adcdd5', '08-22-28273WhatsApp Image 2019-08-01 at 2.05.55 PM.jpeg', 11, 'Port-au-Prince', 'Haiti', 1, '2019-08-22', '', 1, 1);

--
-- Indexes for dumped tables
--

--
-- Indexes for table `articles`
--
ALTER TABLE `articles`
  ADD PRIMARY KEY (`id_article`),
  ADD KEY `user_id` (`user_id`);

--
-- Indexes for table `comments`
--
ALTER TABLE `comments`
  ADD PRIMARY KEY (`id_comment`),
  ADD KEY `id_user_pro_write` (`id_user_pro`),
  ADD KEY `id_user_pro_receive` (`id_user_connect`);

--
-- Indexes for table `commune`
--
ALTER TABLE `commune`
  ADD PRIMARY KEY (`id_com`),
  ADD KEY `id_dept` (`id_dept`);

--
-- Indexes for table `departement`
--
ALTER TABLE `departement`
  ADD PRIMARY KEY (`id_dept`);

--
-- Indexes for table `lien_sociaux`
--
ALTER TABLE `lien_sociaux`
  ADD PRIMARY KEY (`id`),
  ADD KEY `id_user_pro` (`id_user_pro`);

--
-- Indexes for table `like_mention`
--
ALTER TABLE `like_mention`
  ADD PRIMARY KEY (`id_user_pro`,`id_user_connect`);

--
-- Indexes for table `metiers`
--
ALTER TABLE `metiers`
  ADD PRIMARY KEY (`id_metier`),
  ADD KEY `id_secteur` (`id_secteur`);

--
-- Indexes for table `photo_pro`
--
ALTER TABLE `photo_pro`
  ADD PRIMARY KEY (`id`),
  ADD KEY `id_user_pro` (`id_user_pro`);

--
-- Indexes for table `secteur`
--
ALTER TABLE `secteur`
  ADD PRIMARY KEY (`id_secteur`);

--
-- Indexes for table `slide`
--
ALTER TABLE `slide`
  ADD PRIMARY KEY (`id_slide`);

--
-- Indexes for table `tokenActivation`
--
ALTER TABLE `tokenActivation`
  ADD PRIMARY KEY (`id`);

--
-- Indexes for table `user`
--
ALTER TABLE `user`
  ADD PRIMARY KEY (`id`);

--
-- Indexes for table `user_pro`
--
ALTER TABLE `user_pro`
  ADD PRIMARY KEY (`id_user_pro`),
  ADD KEY `id_sous_secteur` (`id_metier`),
  ADD KEY `id_com` (`ville`);

--
-- AUTO_INCREMENT for dumped tables
--

--
-- AUTO_INCREMENT for table `articles`
--
ALTER TABLE `articles`
  MODIFY `id_article` int(11) NOT NULL AUTO_INCREMENT, AUTO_INCREMENT=38;

--
-- AUTO_INCREMENT for table `comments`
--
ALTER TABLE `comments`
  MODIFY `id_comment` int(11) NOT NULL AUTO_INCREMENT, AUTO_INCREMENT=28;

--
-- AUTO_INCREMENT for table `commune`
--
ALTER TABLE `commune`
  MODIFY `id_com` int(11) NOT NULL AUTO_INCREMENT, AUTO_INCREMENT=18;

--
-- AUTO_INCREMENT for table `departement`
--
ALTER TABLE `departement`
  MODIFY `id_dept` int(11) NOT NULL AUTO_INCREMENT, AUTO_INCREMENT=11;

--
-- AUTO_INCREMENT for table `lien_sociaux`
--
ALTER TABLE `lien_sociaux`
  MODIFY `id` int(11) NOT NULL AUTO_INCREMENT, AUTO_INCREMENT=29;

--
-- AUTO_INCREMENT for table `metiers`
--
ALTER TABLE `metiers`
  MODIFY `id_metier` int(11) NOT NULL AUTO_INCREMENT, AUTO_INCREMENT=691;

--
-- AUTO_INCREMENT for table `photo_pro`
--
ALTER TABLE `photo_pro`
  MODIFY `id` int(11) NOT NULL AUTO_INCREMENT, AUTO_INCREMENT=63;

--
-- AUTO_INCREMENT for table `secteur`
--
ALTER TABLE `secteur`
  MODIFY `id_secteur` int(11) NOT NULL AUTO_INCREMENT, AUTO_INCREMENT=34;

--
-- AUTO_INCREMENT for table `slide`
--
ALTER TABLE `slide`
  MODIFY `id_slide` int(11) NOT NULL AUTO_INCREMENT;

--
-- AUTO_INCREMENT for table `tokenActivation`
--
ALTER TABLE `tokenActivation`
  MODIFY `id` int(11) NOT NULL AUTO_INCREMENT, AUTO_INCREMENT=19;

--
-- AUTO_INCREMENT for table `user`
--
ALTER TABLE `user`
  MODIFY `id` int(11) NOT NULL AUTO_INCREMENT, AUTO_INCREMENT=2;

--
-- AUTO_INCREMENT for table `user_pro`
--
ALTER TABLE `user_pro`
  MODIFY `id_user_pro` int(11) NOT NULL AUTO_INCREMENT, AUTO_INCREMENT=64;

--
-- Constraints for dumped tables
--

--
-- Constraints for table `articles`
--
ALTER TABLE `articles`
  ADD CONSTRAINT `articles_ibfk_1` FOREIGN KEY (`user_id`) REFERENCES `user_pro` (`id_user_pro`) ON DELETE NO ACTION ON UPDATE NO ACTION;

--
-- Constraints for table `commune`
--
ALTER TABLE `commune`
  ADD CONSTRAINT `commune_ibfk_1` FOREIGN KEY (`id_dept`) REFERENCES `departement` (`id_dept`) ON DELETE NO ACTION ON UPDATE NO ACTION;

--
-- Constraints for table `lien_sociaux`
--
ALTER TABLE `lien_sociaux`
  ADD CONSTRAINT `lien_sociaux_ibfk_1` FOREIGN KEY (`id_user_pro`) REFERENCES `user_pro` (`id_user_pro`) ON DELETE NO ACTION ON UPDATE NO ACTION;
COMMIT;

/*!40101 SET CHARACTER_SET_CLIENT=@OLD_CHARACTER_SET_CLIENT */;
/*!40101 SET CHARACTER_SET_RESULTS=@OLD_CHARACTER_SET_RESULTS */;
/*!40101 SET COLLATION_CONNECTION=@OLD_COLLATION_CONNECTION */;
